order_id,amount
1,445
2,317
3,476
4,366
5,883
6,88
7,740
8,843
9,302
10,580
11,380
12,473
13,166
14,93
15,758
16,967
17,86
18,864
19,794
20,375
21,729
22,289
23,0
24,196
25,749
26,181
27,5
28,740
29,448
30,745
31,454
32,183
33,285
34,460
35,941
36,588
37,922
38,40
39,34
40,266
41,792
42,927
43,536
44,193
45,775
46,108
47,991
48,179
49,315
50,388
51,536
52,287
53,380
54,428
55,439
56,168
57,680
58,163
59,308
60,259
61,46
62,317
63,52
64,585
65,447
66,343
67,908
68,704
69,908
70,796
71,185
72,126
73,663
74,186
75,324
76,127
77,748
78,856
79,833
80,203
81,458
82,901
83,954
84,303
85,442
86,950
87,257
88,622
89,335
90,295
91,529
92,809
93,459
94,14
95,374
96,41
97,373
98,284
99,745
100,371
101,865
102,39
103,126
104,911
105,304
106,42
107,734
108,486
109,895
110,678
111,155
112,77
113,264
114,403
115,122
116,653
117,766
118,186
119,152
120,535
121,38
122,659
123,482
124,491
125,190
126,457
127,115
128,587
129,819
130,188
131,479
132,139
133,214
134,492
135,497
136,92
137,121
138,665
139,68
140,916
141,42
142,368
143,758
144,966
145,639
146,489
147,80
148,521
149,648
150,828
151,878
152,756
153,870
154,845
155,318
156,7
157,107
158,488
159,928
160,95
161,157
162,273
163,553
164,323
165,440
166,313
167,757
168,275
169,114
170,294
171,108
172,963
173,71
174,449
175,588
176,17
177,993
178,896
179,971
180,782
181,128
182,759
183,65
184,954
185,266
186,996
187,373
188,799
189,844
190,553
191,908
192,795
193,345
194,699
195,707
196,629
197,200
198,516
199,326
200,633
201,510
202,24
203,434
204,829
205,389
206,390
207,623
208,838
209,269
210,817
211,645
212,875
213,427
214,469
215,190
216,887
217,326
218,552
219,781
220,414
221,933
222,656
223,293
224,98
225,883
226,984
227,992
228,574
229,882
230,974
231,83
232,261
233,922
234,410
235,982
236,631
237,566
238,509
239,572
240,471
241,941
242,332
243,700
244,517
245,98
246,446
247,756
248,223
249,125
250,620
251,89
252,327
253,841
254,756
255,565
256,82
257,588
258,131
259,495
260,942
261,745
262,229
263,55
264,4
265,389
266,599
267,864
268,816
269,674
270,254
271,64
272,735
273,414
274,681
275,932
276,943
277,64
278,704
279,472
280,707
281,317
282,813
283,615
284,840
285,113
286,438
287,950
288,434
289,156
290,497
291,864
292,603
293,837
294,764
295,824
296,606
297,660
298,590
299,785
300,978
301,223
302,794
303,84
304,240
305,275
306,963
307,886
308,624
309,954
310,226
311,513
312,224
313,838
314,276
315,706
316,476
317,553
318,381
319,285
320,996
321,69
322,508
323,348
324,215
325,724
326,682
327,929
328,765
329,577
330,962
331,74
332,4
333,630
334,682
335,121
336,832
337,890
338,787
339,708
340,258
341,539
342,418
343,974
344,954
345,552
346,783
347,928
348,723
349,974
350,312
351,515
352,460
353,42
354,842
355,287
356,468
357,967
358,31
359,273
360,214
361,972
362,319
363,78
364,38
365,494
366,173
367,541
368,781
369,944
370,633
371,579
372,687
373,355
374,299
375,573
376,876
377,576
378,433
379,624
380,385
381,498
382,805
383,348
384,132
385,461
386,841
387,964
388,923
389,23
390,473
391,135
392,619
393,544
394,498
395,272
396,934
397,54
398,618
399,49
400,586
401,402
402,950
403,419
404,196
405,355
406,582
407,549
408,753
409,111
410,785
411,173
412,548
413,174
414,508
415,877
416,585
417,947
418,954
419,332
420,85
421,201
422,299
423,927
424,829
425,181
426,398
427,511
428,695
429,495
430,411
431,2
432,117
433,620
434,874
435,562
436,676
437,142
438,419
439,732
440,45
441,346
442,162
443,755
444,643
445,50
446,500
447,340
448,927
449,591
450,498
451,73
452,567
453,728
454,152
455,883
456,259
457,623
458,208
459,35
460,100
461,968
462,418
463,857
464,858
465,393
466,393
467,571
468,970
469,857
470,339
471,549
472,333
473,519
474,705
475,137
476,474
477,813
478,228
479,0
480,161
481,650
482,770
483,287
484,965
485,887
486,659
487,884
488,561
489,506
490,211
491,238
492,597
493,199
494,575
495,547
496,300
497,287
498,275
499,645
500,404
501,761
502,758
503,598
504,164
505,207
506,183
507,677
508,898
509,21
510,520
511,714
512,938
513,86
514,302
515,422
516,449
517,87
518,652
519,658
520,823
521,574
522,187
523,470
524,596
525,412
526,516
527,686
528,545
529,36
530,646
531,607
532,335
533,768
534,219
535,188
536,981
537,918
538,890
539,104
540,300
541,663
542,900
543,263
544,666
545,787
546,114
547,507
548,769
549,880
550,983
551,319
552,410
553,954
554,775
555,59
556,875
557,492
558,119
559,468
560,440
561,623
562,76
563,621
564,418
565,815
566,201
567,787
568,143
569,338
570,190
571,347
572,880
573,734
574,108
575,532
576,641
577,965
578,838
579,235
580,161
581,80
582,880
583,71
584,832
585,250
586,325
587,286
588,649
589,126
590,392
591,230
592,825
593,362
594,742
595,717
596,948
597,860
598,670
599,285
600,337
601,718
602,193
603,482
604,524
605,552
606,692
607,31
608,888
609,975
610,880
611,370
612,442
613,303
614,590
615,718
616,696
617,554
618,518
619,828
620,259
621,278
622,927
623,10
624,631
625,821
626,267
627,306
628,454
629,925
630,188
631,267
632,983
633,914
634,152
635,563
636,839
637,744
638,455
639,122
640,0
641,919
642,569
643,678
644,489
645,795
646,146
647,427
648,857
649,945
650,219
651,770
652,714
653,340
654,724
655,840
656,742
657,728
658,831
659,832
660,807
661,327
662,914
663,764
664,261
665,693
666,185
667,795
668,55
669,861
670,678
671,213
672,985
673,140
674,236
675,475
676,261
677,162
678,719
679,565
680,80
681,378
682,313
683,980
684,417
685,840
686,906
687,853
688,465
689,248
690,879
691,817
692,295
693,529
694,901
695,867
696,748
697,914
698,530
699,498
700,607
701,987
702,468
703,926
704,722
705,109
706,595
707,721
708,306
709,200
710,307
711,69
712,650
713,672
714,145
715,330
716,520
717,189
718,610
719,211
720,420
721,996
722,264
723,35
724,782
725,493
726,279
727,650
728,460
729,442
730,783
731,109
732,544
733,751
734,592
735,834
736,331
737,249
738,653
739,980
740,999
741,219
742,195
743,296
744,284
745,118
746,50
747,695
748,398
749,787
750,726
751,592
752,644
753,692
754,672
755,421
756,125
757,935
758,158
759,25
760,899
761,407
762,605
763,115
764,532
765,262
766,508
767,622
768,955
769,691
770,504
771,981
772,98
773,466
774,335
775,738
776,106
777,569
778,25
779,782
780,312
781,748
782,996
783,482
784,88
785,924
786,893
787,872
788,944
789,464
790,5
791,63
792,16
793,315
794,214
795,743
796,573
797,902
798,8
799,718
800,581
801,302
802,833
803,804
804,895
805,736
806,808
807,372
808,563
809,870
810,494
811,370
812,901
813,688
814,662
815,732
816,525
817,122
818,978
819,483
820,626
821,933
822,471
823,975
824,934
825,948
826,89
827,647
828,369
829,891
830,329
831,725
832,567
833,40
834,773
835,369
836,189
837,682
838,149
839,211
840,697
841,716
842,449
843,244
844,716
845,281
846,77
847,469
848,662
849,196
850,865
851,111
852,601
853,675
854,481
855,665
856,122
857,305
858,401
859,999
860,568
861,280
862,678
863,264
864,41
865,955
866,528
867,911
868,663
869,292
870,157
871,344
872,479
873,218
874,339
875,691
876,48
877,586
878,217
879,739
880,947
881,824
882,992
883,880
884,931
885,919
886,479
887,109
888,584
889,929
890,446
891,699
892,422
893,701
894,257
895,145
896,419
897,451
898,736
899,606
900,875
901,168
902,128
903,12
904,266
905,975
906,443
907,741
908,383
909,86
910,931
911,380
912,765
913,338
914,725
915,245
916,656
917,367
918,345
919,113
920,422
921,974
922,292
923,977
924,224
925,44
926,603
927,232
928,605
929,809
930,908
931,660
932,186
933,731
934,558
935,605
936,416
937,635
938,552
939,141
940,271
941,121
942,491
943,197
944,404
945,716
946,535
947,699
948,99
949,322
950,829
951,66
952,731
953,780
954,779
955,329
956,786
957,371
958,478
959,437
960,21
961,228
962,811
963,246
964,489
965,496
966,139
967,645
968,200
969,351
970,209
971,186
972,674
973,621
974,746
975,146
976,952
977,785
978,894
979,495
980,534
981,441
982,945
983,364
984,547
985,380
986,331
987,965
988,226
989,80
990,745
991,693
992,51
993,997
994,208
995,440
996,52
997,447
998,107
999,141
1000,336
1001,572
1002,428
1003,772
1004,514
1005,712
1006,441
1007,798
1008,252
1009,41
1010,336
1011,393
1012,878
1013,415
1014,504
1015,553
1016,611
1017,868
1018,923
1019,700
1020,639
1021,180
1022,855
1023,87
1024,540
1025,868
1026,140
1027,648
1028,156
1029,931
1030,233
1031,647
1032,390
1033,602
1034,114
1035,747
1036,10
1037,620
1038,849
1039,797
1040,885
1041,998
1042,172
1043,406
1044,757
1045,282
1046,791
1047,948
1048,25
1049,614
1050,250
1051,205
1052,742
1053,872
1054,405
1055,900
1056,855
1057,315
1058,73
1059,522
1060,633
1061,721
1062,549
1063,14
1064,312
1065,723
1066,887
1067,231
1068,191
1069,440
1070,535
1071,89
1072,425
1073,798
1074,96
1075,544
1076,484
1077,282
1078,164
1079,26
1080,294
1081,121
1082,488
1083,858
1084,592
1085,510
1086,491
1087,593
1088,134
1089,830
1090,537
1091,410
1092,96
1093,91
1094,814
1095,625
1096,15
1097,778
1098,864
1099,663
1100,940
1101,993
1102,627
1103,580
1104,905
1105,301
1106,91
1107,444
1108,340
1109,558
1110,422
1111,960
1112,811
1113,22
1114,160
1115,835
1116,953
1117,191
1118,679
1119,164
1120,518
1121,43
1122,235
1123,118
1124,85
1125,568
1126,590
1127,789
1128,490
1129,101
1130,367
1131,356
1132,962
1133,479
1134,203
1135,540
1136,748
1137,699
1138,796
1139,932
1140,890
1141,572
1142,204
1143,771
1144,29
1145,982
1146,138
1147,163
1148,484
1149,558
1150,71
1151,758
1152,783
1153,187
1154,842
1155,846
1156,769
1157,184
1158,537
1159,783
1160,669
1161,866
1162,878
1163,507
1164,876
1165,540
1166,588
1167,295
1168,270
1169,360
1170,266
1171,950
1172,564
1173,393
1174,404
1175,922
1176,79
1177,855
1178,450
1179,362
1180,776
1181,671
1182,476
1183,293
1184,957
1185,937
1186,683
1187,761
1188,453
1189,822
1190,101
1191,698
1192,684
1193,766
1194,853
1195,934
1196,108
1197,934
1198,586
1199,525
1200,296
1201,326
1202,893
1203,3
1204,442
1205,435
1206,349
1207,606
1208,653
1209,362
1210,949
1211,361
1212,477
1213,511
1214,999
1215,863
1216,992
1217,733
1218,230
1219,599
1220,338
1221,811
1222,365
1223,839
1224,274
1225,707
1226,550
1227,508
1228,585
1229,729
1230,511
1231,576
1232,410
1233,373
1234,768
1235,152
1236,946
1237,64
1238,249
1239,732
1240,577
1241,704
1242,544
1243,271
1244,922
1245,805
1246,713
1247,97
1248,723
1249,680
1250,322
1251,279
1252,417
1253,680
1254,938
1255,171
1256,535
1257,474
1258,595
1259,602
1260,187
1261,512
1262,876
1263,50
1264,964
1265,264
1266,151
1267,608
1268,183
1269,438
1270,19
1271,33
1272,453
1273,953
1274,43
1275,605
1276,139
1277,46
1278,140
1279,369
1280,353
1281,743
1282,294
1283,95
1284,166
1285,182
1286,903
1287,299
1288,296
1289,248
1290,54
1291,570
1292,782
1293,963
1294,675
1295,374
1296,564
1297,896
1298,659
1299,951
1300,137
1301,488
1302,458
1303,287
1304,483
1305,468
1306,301
1307,422
1308,133
1309,725
1310,274
1311,446
1312,877
1313,809
1314,315
1315,924
1316,726
1317,676
1318,173
1319,159
1320,879
1321,662
1322,315
1323,718
1324,964
1325,112
1326,644
1327,795
1328,945
1329,28
1330,861
1331,74
1332,873
1333,384
1334,677
1335,485
1336,532
1337,188
1338,406
1339,880
1340,854
1341,795
1342,946
1343,359
1344,118
1345,461
1346,464
1347,208
1348,756
1349,678
1350,696
1351,332
1352,831
1353,45
1354,745
1355,857
1356,787
1357,912
1358,879
1359,302
1360,712
1361,536
1362,550
1363,929
1364,979
1365,948
1366,447
1367,628
1368,772
1369,533
1370,945
1371,443
1372,126
1373,611
1374,129
1375,305
1376,5
1377,544
1378,733
1379,868
1380,211
1381,1
1382,765
1383,292
1384,414
1385,445
1386,709
1387,664
1388,975
1389,222
1390,663
1391,557
1392,783
1393,733
1394,184
1395,747
1396,706
1397,259
1398,258
1399,415
1400,921
1401,662
1402,536
1403,293
1404,451
1405,226
1406,610
1407,410
1408,295
1409,218
1410,844
1411,265
1412,312
1413,410
1414,556
1415,148
1416,782
1417,110
1418,837
1419,672
1420,321
1421,607
1422,532
1423,299
1424,66
1425,745
1426,811
1427,100
1428,683
1429,273
1430,667
1431,438
1432,981
1433,336
1434,276
1435,328
1436,829
1437,30
1438,786
1439,692
1440,253
1441,428
1442,968
1443,917
1444,923
1445,172
1446,475
1447,781
1448,128
1449,55
1450,869
1451,533
1452,733
1453,704
1454,524
1455,567
1456,349
1457,856
1458,234
1459,85
1460,292
1461,590
1462,779
1463,819
1464,99
1465,970
1466,186
1467,142
1468,914
1469,889
1470,489
1471,546
1472,450
1473,849
1474,724
1475,213
1476,423
1477,966
1478,686
1479,14
1480,452
1481,750
1482,547
1483,242
1484,577
1485,325
1486,956
1487,61
1488,899
1489,434
1490,465
1491,277
1492,110
1493,755
1494,698
1495,72
1496,260
1497,95
1498,661
1499,136
1500,387
1501,16
1502,911
1503,811
1504,298
1505,158
1506,843
1507,518
1508,322
1509,455
1510,173
1511,946
1512,963
1513,329
1514,716
1515,992
1516,685
1517,648
1518,492
1519,521
1520,263
1521,981
1522,716
1523,84
1524,229
1525,276
1526,312
1527,992
1528,45
1529,967
1530,453
1531,452
1532,542
1533,54
1534,748
1535,651
1536,952
1537,309
1538,167
1539,187
1540,443
1541,747
1542,567
1543,314
1544,988
1545,832
1546,90
1547,69
1548,187
1549,236
1550,155
1551,877
1552,681
1553,934
1554,581
1555,957
1556,440
1557,185
1558,827
1559,679
1560,324
1561,970
1562,166
1563,874
1564,843
1565,441
1566,692
1567,840
1568,794
1569,122
1570,22
1571,850
1572,321
1573,999
1574,172
1575,464
1576,876
1577,64
1578,212
1579,135
1580,153
1581,109
1582,83
1583,14
1584,441
1585,675
1586,696
1587,104
1588,176
1589,971
1590,43
1591,146
1592,721
1593,313
1594,939
1595,222
1596,636
1597,401
1598,703
1599,512
1600,339
1601,678
1602,658
1603,41
1604,285
1605,81
1606,441
1607,892
1608,63
1609,856
1610,83
1611,750
1612,75
1613,793
1614,462
1615,68
1616,220
1617,348
1618,640
1619,999
1620,129
1621,257
1622,247
1623,941
1624,531
1625,523
1626,886
1627,429
1628,221
1629,720
1630,288
1631,999
1632,787
1633,656
1634,268
1635,323
1636,263
1637,413
1638,633
1639,87
1640,393
1641,244
1642,532
1643,559
1644,431
1645,368
1646,78
1647,457
1648,74
1649,689
1650,273
1651,277
1652,464
1653,607
1654,382
1655,220
1656,122
1657,629
1658,531
1659,586
1660,352
1661,630
1662,361
1663,593
1664,885
1665,495
1666,649
1667,979
1668,406
1669,475
1670,460
1671,389
1672,280
1673,745
1674,477
1675,943
1676,169
1677,455
1678,686
1679,749
1680,373
1681,266
1682,827
1683,640
1684,508
1685,441
1686,275
1687,0
1688,982
1689,551
1690,876
1691,264
1692,138
1693,584
1694,946
1695,587
1696,541
1697,120
1698,459
1699,466
1700,602
1701,100
1702,710
1703,153
1704,706
1705,249
1706,805
1707,4
1708,944
1709,807
1710,601
1711,922
1712,97
1713,662
1714,546
1715,896
1716,141
1717,95
1718,54
1719,22
1720,476
1721,932
1722,334
1723,49
1724,835
1725,72
1726,495
1727,540
1728,281
1729,738
1730,791
1731,218
1732,407
1733,169
1734,261
1735,22
1736,565
1737,717
1738,921
1739,481
1740,994
1741,687
1742,4
1743,747
1744,266
1745,5
1746,448
1747,969
1748,170
1749,460
1750,676
1751,429
1752,208
1753,784
1754,787
1755,781
1756,977
1757,372
1758,404
1759,856
1760,627
1761,217
1762,128
1763,322
1764,837
1765,639
1766,260
1767,574
1768,639
1769,826
1770,882
1771,925
1772,802
1773,643
1774,280
1775,62
1776,889
1777,839
1778,523
1779,51
1780,492
1781,520
1782,250
1783,371
1784,498
1785,355
1786,276
1787,128
1788,755
1789,788
1790,187
1791,513
1792,117
1793,760
1794,254
1795,495
1796,693
1797,845
1798,99
1799,679
1800,110
1801,887
1802,875
1803,776
1804,285
1805,514
1806,244
1807,963
1808,497
1809,809
1810,316
1811,418
1812,735
1813,543
1814,569
1815,505
1816,788
1817,291
1818,421
1819,982
1820,981
1821,373
1822,813
1823,784
1824,706
1825,718
1826,538
1827,17
1828,537
1829,766
1830,749
1831,683
1832,595
1833,907
1834,511
1835,510
1836,602
1837,889
1838,119
1839,473
1840,326
1841,21
1842,612
1843,30
1844,299
1845,355
1846,803
1847,241
1848,391
1849,671
1850,488
1851,65
1852,640
1853,953
1854,271
1855,784
1856,333
1857,556
1858,906
1859,356
1860,443
1861,556
1862,316
1863,455
1864,168
1865,63
1866,94
1867,895
1868,744
1869,957
1870,798
1871,776
1872,594
1873,64
1874,176
1875,253
1876,65
1877,136
1878,755
1879,280
1880,96
1881,415
1882,549
1883,71
1884,664
1885,278
1886,722
1887,417
1888,223
1889,682
1890,162
1891,714
1892,150
1893,370
1894,529
1895,678
1896,824
1897,430
1898,418
1899,594
1900,359
1901,102
1902,972
1903,317
1904,830
1905,119
1906,760
1907,512
1908,324
1909,312
1910,54
1911,382
1912,951
1913,392
1914,903
1915,354
1916,374
1917,419
1918,934
1919,323
1920,512
1921,227
1922,986
1923,12
1924,779
1925,379
1926,846
1927,36
1928,443
1929,900
1930,520
1931,621
1932,644
1933,0
1934,810
1935,61
1936,400
1937,589
1938,809
1939,293
1940,247
1941,387
1942,882
1943,640
1944,502
1945,370
1946,371
1947,633
1948,214
1949,959
1950,951
1951,924
1952,439
1953,224
1954,940
1955,547
1956,682
1957,624
1958,684
1959,325
1960,904
1961,363
1962,655
1963,881
1964,982
1965,921
1966,361
1967,607
1968,257
1969,902
1970,576
1971,770
1972,528
1973,21
1974,408
1975,107
1976,138
1977,228
1978,810
1979,280
1980,437
1981,137
1982,660
1983,280
1984,181
1985,879
1986,377
1987,941
1988,370
1989,178
1990,361
1991,286
1992,163
1993,234
1994,439
1995,723
1996,901
1997,440
1998,238
1999,413
2000,498
2001,553
2002,565
2003,239
2004,646
2005,297
2006,473
2007,839
2008,403
2009,411
2010,740
2011,811
2012,307
2013,192
2014,296
2015,186
2016,976
2017,743
2018,128
2019,242
2020,512
2021,920
2022,648
2023,596
2024,976
2025,386
2026,469
2027,969
2028,666
2029,556
2030,442
2031,123
2032,519
2033,728
2034,574
2035,929
2036,353
2037,710
2038,676
2039,678
2040,811
2041,802
2042,391
2043,621
2044,128
2045,679
2046,433
2047,784
2048,318
2049,758
2050,362
2051,906
2052,847
2053,658
2054,881
2055,222
2056,573
2057,208
2058,828
2059,169
2060,36
2061,833
2062,308
2063,104
2064,52
2065,556
2066,59
2067,569
2068,918
2069,37
2070,465
2071,733
2072,73
2073,240
2074,939
2075,655
2076,62
2077,97
2078,393
2079,669
2080,78
2081,742
2082,585
2083,639
2084,693
2085,563
2086,458
2087,870
2088,119
2089,689
2090,842
2091,354
2092,358
2093,718
2094,252
2095,363
2096,976
2097,966
2098,452
2099,488
2100,533
2101,519
2102,273
2103,561
2104,988
2105,502
2106,960
2107,820
2108,211
2109,419
2110,662
2111,838
2112,752
2113,220
2114,176
2115,442
2116,394
2117,517
2118,359
2119,484
2120,522
2121,426
2122,698
2123,116
2124,721
2125,602
2126,907
2127,667
2128,824
2129,503
2130,754
2131,430
2132,856
2133,475
2134,889
2135,56
2136,439
2137,91
2138,61
2139,660
2140,273
2141,506
2142,926
2143,876
2144,214
2145,761
2146,114
2147,670
2148,500
2149,690
2150,343
2151,836
2152,455
2153,421
2154,187
2155,676
2156,179
2157,274
2158,231
2159,279
2160,723
2161,551
2162,669
2163,423
2164,161
2165,158
2166,547
2167,438
2168,936
2169,685
2170,561
2171,313
2172,110
2173,973
2174,364
2175,783
2176,505
2177,693
2178,967
2179,584
2180,118
2181,847
2182,777
2183,335
2184,754
2185,707
2186,681
2187,529
2188,676
2189,355
2190,966
2191,772
2192,203
2193,493
2194,812
2195,895
2196,853
2197,38
2198,334
2199,150
2200,851
2201,46
2202,897
2203,635
2204,165
2205,381
2206,116
2207,749
2208,570
2209,471
2210,644
2211,351
2212,92
2213,284
2214,499
2215,925
2216,469
2217,185
2218,344
2219,959
2220,283
2221,878
2222,353
2223,14
2224,656
2225,128
2226,101
2227,443
2228,877
2229,558
2230,311
2231,694
2232,929
2233,603
2234,173
2235,645
2236,834
2237,759
2238,887
2239,630
2240,818
2241,97
2242,189
2243,941
2244,855
2245,473
2246,348
2247,879
2248,397
2249,259
2250,23
2251,983
2252,554
2253,635
2254,183
2255,135
2256,302
2257,730
2258,199
2259,393
2260,481
2261,214
2262,700
2263,542
2264,790
2265,816
2266,393
2267,652
2268,655
2269,881
2270,948
2271,251
2272,154
2273,367
2274,21
2275,999
2276,612
2277,523
2278,715
2279,984
2280,326
2281,243
2282,647
2283,510
2284,268
2285,851
2286,430
2287,376
2288,122
2289,813
2290,612
2291,867
2292,359
2293,932
2294,330
2295,173
2296,673
2297,339
2298,518
2299,266
2300,637
2301,96
2302,696
2303,478
2304,749
2305,962
2306,942
2307,109
2308,507
2309,996
2310,283
2311,15
2312,381
2313,436
2314,78
2315,233
2316,836
2317,320
2318,749
2319,844
2320,250
2321,578
2322,939
2323,720
2324,216
2325,543
2326,647
2327,778
2328,244
2329,74
2330,898
2331,415
2332,838
2333,971
2334,379
2335,299
2336,833
2337,994
2338,382
2339,9
2340,639
2341,548
2342,586
2343,574
2344,561
2345,808
2346,383
2347,975
2348,808
2349,695
2350,81
2351,305
2352,584
2353,438
2354,258
2355,715
2356,63
2357,788
2358,826
2359,828
2360,2
2361,658
2362,447
2363,717
2364,582
2365,146
2366,342
2367,460
2368,567
2369,802
2370,449
2371,368
2372,25
2373,847
2374,830
2375,337
2376,757
2377,299
2378,939
2379,518
2380,91
2381,681
2382,431
2383,41
2384,656
2385,444
2386,965
2387,917
2388,871
2389,282
2390,258
2391,136
2392,845
2393,861
2394,603
2395,930
2396,612
2397,995
2398,186
2399,841
2400,897
2401,523
2402,156
2403,674
2404,955
2405,593
2406,589
2407,203
2408,417
2409,814
2410,829
2411,660
2412,370
2413,528
2414,308
2415,268
2416,209
2417,184
2418,922
2419,943
2420,110
2421,592
2422,607
2423,181
2424,253
2425,385
2426,530
2427,70
2428,887
2429,967
2430,225
2431,508
2432,965
2433,979
2434,84
2435,259
2436,292
2437,758
2438,205
2439,262
2440,662
2441,362
2442,533
2443,602
2444,788
2445,735
2446,729
2447,845
2448,229
2449,317
2450,998
2451,842
2452,534
2453,42
2454,265
2455,199
2456,332
2457,552
2458,729
2459,488
2460,338
2461,436
2462,321
2463,883
2464,858
2465,822
2466,647
2467,119
2468,347
2469,872
2470,182
2471,80
2472,969
2473,191
2474,450
2475,321
2476,295
2477,550
2478,845
2479,295
2480,824
2481,316
2482,387
2483,948
2484,976
2485,983
2486,691
2487,503
2488,935
2489,441
2490,797
2491,797
2492,717
2493,391
2494,211
2495,968
2496,758
2497,638
2498,150
2499,933
2500,95
2501,402
2502,820
2503,288
2504,765
2505,373
2506,705
2507,925
2508,621
2509,433
2510,24
2511,648
2512,773
2513,857
2514,326
2515,648
2516,330
2517,591
2518,9
2519,467
2520,407
2521,16
2522,948
2523,678
2524,781
2525,445
2526,324
2527,216
2528,505
2529,465
2530,883
2531,187
2532,652
2533,847
2534,929
2535,792
2536,517
2537,938
2538,824
2539,74
2540,650
2541,691
2542,974
2543,300
2544,865
2545,758
2546,419
2547,568
2548,291
2549,962
2550,13
2551,647
2552,103
2553,393
2554,15
2555,347
2556,544
2557,197
2558,912
2559,342
2560,10
2561,447
2562,561
2563,380
2564,977
2565,745
2566,963
2567,671
2568,77
2569,559
2570,52
2571,54
2572,787
2573,613
2574,367
2575,246
2576,218
2577,922
2578,975
2579,821
2580,830
2581,392
2582,324
2583,827
2584,941
2585,215
2586,573
2587,81
2588,757
2589,494
2590,893
2591,976
2592,443
2593,224
2594,572
2595,662
2596,914
2597,969
2598,692
2599,270
2600,334
2601,117
2602,132
2603,264
2604,813
2605,832
2606,952
2607,814
2608,946
2609,783
2610,785
2611,398
2612,622
2613,169
2614,626
2615,146
2616,920
2617,980
2618,677
2619,552
2620,231
2621,767
2622,779
2623,124
2624,559
2625,719
2626,427
2627,838
2628,544
2629,817
2630,863
2631,414
2632,236
2633,800
2634,89
2635,71
2636,468
2637,434
2638,452
2639,968
2640,977
2641,592
2642,409
2643,897
2644,504
2645,655
2646,861
2647,278
2648,599
2649,600
2650,447
2651,582
2652,980
2653,505
2654,269
2655,912
2656,415
2657,534
2658,836
2659,467
2660,730
2661,672
2662,996
2663,147
2664,625
2665,913
2666,199
2667,79
2668,67
2669,86
2670,881
2671,910
2672,229
2673,402
2674,546
2675,389
2676,419
2677,815
2678,690
2679,335
2680,862
2681,636
2682,214
2683,582
2684,729
2685,211
2686,39
2687,249
2688,87
2689,727
2690,272
2691,997
2692,717
2693,3
2694,27
2695,65
2696,86
2697,902
2698,908
2699,358
2700,154
2701,972
2702,111
2703,110
2704,20
2705,507
2706,468
2707,225
2708,836
2709,807
2710,376
2711,319
2712,249
2713,268
2714,716
2715,685
2716,589
2717,316
2718,84
2719,653
2720,768
2721,403
2722,736
2723,799
2724,617
2725,231
2726,340
2727,61
2728,88
2729,748
2730,31
2731,488
2732,260
2733,754
2734,367
2735,143
2736,449
2737,733
2738,838
2739,474
2740,574
2741,385
2742,957
2743,819
2744,553
2745,281
2746,201
2747,276
2748,400
2749,567
2750,399
2751,534
2752,714
2753,436
2754,642
2755,937
2756,102
2757,197
2758,462
2759,902
2760,700
2761,915
2762,364
2763,526
2764,753
2765,148
2766,660
2767,842
2768,936
2769,890
2770,256
2771,952
2772,761
2773,513
2774,801
2775,99
2776,330
2777,888
2778,422
2779,79
2780,50
2781,570
2782,641
2783,55
2784,681
2785,758
2786,482
2787,819
2788,705
2789,746
2790,654
2791,402
2792,193
2793,445
2794,519
2795,190
2796,795
2797,733
2798,762
2799,491
2800,269
2801,203
2802,514
2803,316
2804,540
2805,210
2806,817
2807,161
2808,410
2809,152
2810,928
2811,549
2812,495
2813,323
2814,115
2815,537
2816,308
2817,289
2818,197
2819,860
2820,778
2821,482
2822,160
2823,298
2824,236
2825,957
2826,358
2827,56
2828,853
2829,531
2830,525
2831,104
2832,265
2833,314
2834,437
2835,366
2836,999
2837,746
2838,651
2839,868
2840,625
2841,267
2842,30
2843,943
2844,529
2845,340
2846,291
2847,467
2848,684
2849,338
2850,730
2851,114
2852,402
2853,939
2854,472
2855,236
2856,428
2857,518
2858,718
2859,662
2860,696
2861,480
2862,814
2863,909
2864,327
2865,681
2866,875
2867,185
2868,957
2869,368
2870,594
2871,979
2872,339
2873,459
2874,669
2875,844
2876,374
2877,584
2878,34
2879,306
2880,775
2881,578
2882,223
2883,729
2884,854
2885,378
2886,767
2887,224
2888,128
2889,175
2890,355
2891,85
2892,78
2893,864
2894,723
2895,284
2896,221
2897,6
2898,761
2899,860
2900,827
2901,552
2902,519
2903,410
2904,43
2905,230
2906,998
2907,601
2908,101
2909,177
2910,999
2911,609
2912,638
2913,245
2914,32
2915,743
2916,746
2917,878
2918,949
2919,602
2920,41
2921,767
2922,937
2923,943
2924,906
2925,215
2926,341
2927,638
2928,575
2929,146
2930,987
2931,373
2932,250
2933,134
2934,860
2935,701
2936,684
2937,303
2938,380
2939,295
2940,349
2941,425
2942,592
2943,644
2944,316
2945,722
2946,328
2947,127
2948,523
2949,883
2950,16
2951,530
2952,642
2953,340
2954,336
2955,803
2956,130
2957,942
2958,361
2959,137
2960,967
2961,958
2962,786
2963,744
2964,156
2965,150
2966,800
2967,321
2968,249
2969,640
2970,483
2971,301
2972,322
2973,126
2974,2
2975,436
2976,505
2977,279
2978,392
2979,391
2980,417
2981,835
2982,78
2983,743
2984,333
2985,831
2986,694
2987,635
2988,773
2989,374
2990,400
2991,50
2992,730
2993,150
2994,546
2995,502
2996,969
2997,100
2998,165
2999,317
3000,976
3001,812
3002,694
3003,390
3004,335
3005,553
3006,326
3007,640
3008,989
3009,257
3010,781
3011,693
3012,631
3013,82
3014,875
3015,706
3016,206
3017,846
3018,604
3019,445
3020,293
3021,315
3022,211
3023,348
3024,494
3025,68
3026,818
3027,298
3028,603
3029,807
3030,248
3031,431
3032,517
3033,638
3034,563
3035,645
3036,614
3037,156
3038,139
3039,946
3040,371
3041,495
3042,861
3043,344
3044,67
3045,812
3046,556
3047,952
3048,740
3049,240
3050,561
3051,992
3052,124
3053,35
3054,131
3055,29
3056,223
3057,872
3058,49
3059,543
3060,54
3061,11
3062,552
3063,949
3064,824
3065,390
3066,942
3067,654
3068,972
3069,617
3070,433
3071,273
3072,506
3073,59
3074,219
3075,2
3076,490
3077,212
3078,895
3079,596
3080,44
3081,829
3082,886
3083,372
3084,125
3085,62
3086,383
3087,738
3088,616
3089,857
3090,956
3091,687
3092,17
3093,782
3094,573
3095,355
3096,191
3097,538
3098,819
3099,380
3100,323
3101,386
3102,909
3103,731
3104,601
3105,104
3106,865
3107,441
3108,126
3109,697
3110,772
3111,126
3112,235
3113,738
3114,472
3115,9
3116,701
3117,144
3118,335
3119,687
3120,458
3121,326
3122,502
3123,718
3124,673
3125,38
3126,459
3127,572
3128,192
3129,841
3130,700
3131,37
3132,151
3133,354
3134,190
3135,857
3136,508
3137,810
3138,299
3139,795
3140,835
3141,339
3142,78
3143,796
3144,689
3145,637
3146,909
3147,17
3148,407
3149,283
3150,943
3151,769
3152,609
3153,98
3154,122
3155,306
3156,823
3157,53
3158,906
3159,731
3160,367
3161,789
3162,555
3163,832
3164,116
3165,648
3166,523
3167,561
3168,576
3169,942
3170,309
3171,964
3172,756
3173,554
3174,140
3175,246
3176,344
3177,101
3178,343
3179,350
3180,867
3181,957
3182,154
3183,545
3184,801
3185,257
3186,568
3187,411
3188,855
3189,699
3190,523
3191,269
3192,577
3193,191
3194,698
3195,118
3196,889
3197,569
3198,808
3199,233
3200,207
3201,614
3202,287
3203,735
3204,784
3205,802
3206,772
3207,275
3208,595
3209,249
3210,408
3211,424
3212,557
3213,389
3214,39
3215,243
3216,380
3217,681
3218,737
3219,159
3220,381
3221,434
3222,735
3223,257
3224,97
3225,454
3226,739
3227,951
3228,778
3229,412
3230,439
3231,790
3232,540
3233,387
3234,199
3235,606
3236,536
3237,341
3238,374
3239,291
3240,725
3241,415
3242,746
3243,269
3244,927
3245,470
3246,687
3247,965
3248,30
3249,319
3250,698
3251,279
3252,39
3253,281
3254,393
3255,424
3256,949
3257,586
3258,275
3259,459
3260,746
3261,266
3262,80
3263,637
3264,619
3265,465
3266,113
3267,118
3268,572
3269,39
3270,993
3271,688
3272,764
3273,233
3274,170
3275,143
3276,740
3277,215
3278,990
3279,657
3280,636
3281,189
3282,924
3283,513
3284,920
3285,991
3286,888
3287,275
3288,39
3289,391
3290,59
3291,405
3292,743
3293,71
3294,415
3295,407
3296,321
3297,527
3298,151
3299,141
3300,329
3301,808
3302,459
3303,423
3304,68
3305,43
3306,336
3307,847
3308,955
3309,198
3310,294
3311,580
3312,966
3313,382
3314,993
3315,327
3316,935
3317,92
3318,778
3319,787
3320,798
3321,708
3322,202
3323,561
3324,202
3325,209
3326,163
3327,12
3328,897
3329,454
3330,813
3331,745
3332,570
3333,328
3334,892
3335,890
3336,21
3337,395
3338,11
3339,181
3340,138
3341,815
3342,68
3343,372
3344,701
3345,762
3346,845
3347,573
3348,426
3349,324
3350,544
3351,835
3352,334
3353,801
3354,995
3355,466
3356,2
3357,223
3358,871
3359,469
3360,673
3361,898
3362,224
3363,430
3364,251
3365,643
3366,264
3367,212
3368,874
3369,420
3370,630
3371,503
3372,484
3373,808
3374,956
3375,651
3376,269
3377,180
3378,278
3379,774
3380,820
3381,187
3382,724
3383,462
3384,205
3385,648
3386,152
3387,141
3388,899
3389,608
3390,784
3391,802
3392,424
3393,849
3394,162
3395,750
3396,579
3397,151
3398,250
3399,122
3400,260
3401,847
3402,930
3403,247
3404,442
3405,675
3406,153
3407,797
3408,567
3409,422
3410,332
3411,806
3412,953
3413,629
3414,901
3415,513
3416,425
3417,306
3418,351
3419,626
3420,524
3421,522
3422,581
3423,549
3424,793
3425,491
3426,402
3427,453
3428,156
3429,295
3430,662
3431,115
3432,659
3433,362
3434,378
3435,712
3436,411
3437,436
3438,204
3439,249
3440,741
3441,241
3442,971
3443,731
3444,766
3445,521
3446,62
3447,205
3448,161
3449,477
3450,875
3451,503
3452,56
3453,476
3454,516
3455,663
3456,660
3457,637
3458,826
3459,466
3460,792
3461,533
3462,760
3463,658
3464,166
3465,574
3466,863
3467,800
3468,798
3469,305
3470,46
3471,415
3472,636
3473,965
3474,344
3475,29
3476,805
3477,836
3478,172
3479,852
3480,668
3481,431
3482,529
3483,392
3484,203
3485,117
3486,132
3487,818
3488,202
3489,84
3490,778
3491,272
3492,475
3493,776
3494,155
3495,507
3496,350
3497,26
3498,79
3499,663
3500,616
3501,704
3502,153
3503,23
3504,191
3505,411
3506,79
3507,714
3508,47
3509,108
3510,759
3511,242
3512,53
3513,401
3514,498
3515,915
3516,829
3517,55
3518,406
3519,18
3520,476
3521,233
3522,112
3523,236
3524,865
3525,240
3526,862
3527,72
3528,26
3529,264
3530,685
3531,8
3532,99
3533,796
3534,19
3535,436
3536,977
3537,115
3538,945
3539,588
3540,301
3541,66
3542,522
3543,468
3544,64
3545,416
3546,49
3547,60
3548,575
3549,812
3550,850
3551,992
3552,123
3553,617
3554,461
3555,258
3556,279
3557,933
3558,47
3559,813
3560,755
3561,810
3562,761
3563,622
3564,95
3565,588
3566,790
3567,160
3568,448
3569,978
3570,713
3571,142
3572,588
3573,551
3574,415
3575,536
3576,712
3577,209
3578,147
3579,558
3580,305
3581,697
3582,366
3583,527
3584,36
3585,537
3586,782
3587,69
3588,460
3589,523
3590,339
3591,25
3592,155
3593,313
3594,397
3595,462
3596,349
3597,594
3598,698
3599,915
3600,341
3601,131
3602,866
3603,653
3604,229
3605,302
3606,906
3607,337
3608,725
3609,259
3610,35
3611,228
3612,164
3613,158
3614,859
3615,904
3616,53
3617,156
3618,76
3619,240
3620,649
3621,19
3622,19
3623,724
3624,914
3625,463
3626,557
3627,669
3628,882
3629,623
3630,489
3631,691
3632,59
3633,201
3634,896
3635,904
3636,156
3637,772
3638,857
3639,344
3640,514
3641,853
3642,145
3643,149
3644,514
3645,759
3646,493
3647,832
3648,626
3649,4
3650,541
3651,322
3652,220
3653,356
3654,279
3655,461
3656,77
3657,470
3658,264
3659,258
3660,231
3661,30
3662,607
3663,636
3664,821
3665,746
3666,744
3667,173
3668,688
3669,889
3670,110
3671,829
3672,813
3673,67
3674,556
3675,321
3676,831
3677,600
3678,767
3679,744
3680,888
3681,838
3682,295
3683,736
3684,889
3685,628
3686,176
3687,778
3688,333
3689,568
3690,755
3691,698
3692,897
3693,656
3694,284
3695,190
3696,756
3697,88
3698,459
3699,419
3700,417
3701,881
3702,606
3703,882
3704,655
3705,355
3706,732
3707,445
3708,741
3709,449
3710,26
3711,586
3712,82
3713,72
3714,681
3715,711
3716,732
3717,396
3718,714
3719,348
3720,113
3721,189
3722,880
3723,579
3724,494
3725,768
3726,690
3727,715
3728,615
3729,572
3730,294
3731,129
3732,234
3733,286
3734,665
3735,781
3736,198
3737,983
3738,840
3739,85
3740,487
3741,658
3742,547
3743,859
3744,563
3745,66
3746,271
3747,43
3748,750
3749,669
3750,159
3751,904
3752,995
3753,487
3754,36
3755,950
3756,415
3757,487
3758,16
3759,126
3760,751
3761,821
3762,623
3763,29
3764,110
3765,34
3766,899
3767,152
3768,288
3769,159
3770,960
3771,2
3772,262
3773,7
3774,872
3775,135
3776,835
3777,168
3778,184
3779,132
3780,184
3781,772
3782,891
3783,544
3784,101
3785,932
3786,195
3787,979
3788,240
3789,339
3790,140
3791,199
3792,90
3793,323
3794,482
3795,774
3796,83
3797,924
3798,275
3799,469
3800,354
3801,942
3802,843
3803,231
3804,349
3805,843
3806,379
3807,205
3808,944
3809,680
3810,795
3811,502
3812,395
3813,752
3814,900
3815,603
3816,293
3817,830
3818,633
3819,393
3820,719
3821,983
3822,212
3823,655
3824,787
3825,304
3826,327
3827,348
3828,189
3829,887
3830,779
3831,930
3832,486
3833,238
3834,251
3835,669
3836,3
3837,98
3838,930
3839,723
3840,224
3841,561
3842,637
3843,299
3844,727
3845,408
3846,541
3847,826
3848,325
3849,167
3850,235
3851,596
3852,895
3853,746
3854,550
3855,160
3856,505
3857,130
3858,134
3859,216
3860,688
3861,378
3862,8
3863,986
3864,230
3865,253
3866,274
3867,169
3868,606
3869,575
3870,429
3871,608
3872,824
3873,171
3874,624
3875,867
3876,605
3877,689
3878,231
3879,821
3880,230
3881,52
3882,558
3883,274
3884,748
3885,979
3886,340
3887,188
3888,716
3889,21
3890,412
3891,578
3892,940
3893,82
3894,132
3895,277
3896,355
3897,49
3898,665
3899,348
3900,919
3901,321
3902,742
3903,521
3904,468
3905,153
3906,928
3907,552
3908,504
3909,483
3910,171
3911,625
3912,158
3913,167
3914,824
3915,631
3916,827
3917,951
3918,126
3919,426
3920,732
3921,911
3922,778
3923,463
3924,666
3925,94
3926,137
3927,384
3928,732
3929,246
3930,852
3931,941
3932,378
3933,381
3934,546
3935,778
3936,291
3937,760
3938,401
3939,648
3940,223
3941,744
3942,756
3943,266
3944,746
3945,163
3946,318
3947,839
3948,78
3949,258
3950,313
3951,957
3952,491
3953,333
3954,705
3955,662
3956,111
3957,876
3958,692
3959,547
3960,191
3961,145
3962,514
3963,462
3964,286
3965,565
3966,649
3967,130
3968,17
3969,948
3970,808
3971,479
3972,345
3973,511
3974,246
3975,743
3976,216
3977,493
3978,50
3979,288
3980,582
3981,615
3982,305
3983,317
3984,397
3985,954
3986,182
3987,805
3988,278
3989,199
3990,592
3991,997
3992,36
3993,607
3994,641
3995,660
3996,559
3997,789
3998,779
3999,907
4000,345
4001,819
4002,492
4003,460
4004,206
4005,620
4006,681
4007,850
4008,762
4009,755
4010,256
4011,944
4012,532
4013,650
4014,392
4015,313
4016,37
4017,518
4018,500
4019,951
4020,577
4021,330
4022,251
4023,381
4024,845
4025,598
4026,358
4027,341
4028,318
4029,260
4030,727
4031,184
4032,40
4033,993
4034,23
4035,839
4036,171
4037,154
4038,705
4039,50
4040,121
4041,855
4042,203
4043,112
4044,7
4045,5
4046,259
4047,519
4048,922
4049,844
4050,841
4051,536
4052,702
4053,445
4054,643
4055,691
4056,777
4057,563
4058,57
4059,876
4060,672
4061,207
4062,82
4063,228
4064,583
4065,656
4066,25
4067,157
4068,494
4069,378
4070,163
4071,639
4072,589
4073,691
4074,718
4075,454
4076,45
4077,362
4078,329
4079,385
4080,256
4081,98
4082,498
4083,830
4084,295
4085,504
4086,458
4087,836
4088,770
4089,535
4090,999
4091,411
4092,926
4093,463
4094,710
4095,973
4096,237
4097,902
4098,281
4099,196
4100,470
4101,355
4102,836
4103,671
4104,199
4105,893
4106,635
4107,811
4108,344
4109,405
4110,584
4111,277
4112,862
4113,700
4114,233
4115,126
4116,135
4117,168
4118,243
4119,198
4120,383
4121,599
4122,248
4123,391
4124,95
4125,487
4126,206
4127,703
4128,134
4129,140
4130,807
4131,525
4132,516
4133,30
4134,539
4135,50
4136,31
4137,303
4138,595
4139,120
4140,189
4141,68
4142,483
4143,676
4144,438
4145,740
4146,776
4147,804
4148,630
4149,791
4150,558
4151,160
4152,212
4153,919
4154,728
4155,109
4156,24
4157,210
4158,756
4159,116
4160,415
4161,745
4162,208
4163,295
4164,722
4165,420
4166,630
4167,812
4168,58
4169,571
4170,918
4171,89
4172,521
4173,563
4174,342
4175,138
4176,544
4177,33
4178,97
4179,425
4180,397
4181,688
4182,91
4183,162
4184,24
4185,91
4186,609
4187,16
4188,14
4189,390
4190,694
4191,462
4192,509
4193,979
4194,293
4195,845
4196,246
4197,539
4198,790
4199,237
4200,595
4201,559
4202,386
4203,246
4204,80
4205,365
4206,383
4207,769
4208,147
4209,33
4210,555
4211,651
4212,603
4213,775
4214,514
4215,376
4216,465
4217,61
4218,961
4219,750
4220,955
4221,5
4222,197
4223,307
4224,522
4225,317
4226,85
4227,822
4228,308
4229,163
4230,533
4231,252
4232,514
4233,560
4234,479
4235,880
4236,281
4237,872
4238,858
4239,273
4240,355
4241,445
4242,892
4243,939
4244,520
4245,882
4246,974
4247,405
4248,412
4249,873
4250,830
4251,654
4252,506
4253,829
4254,675
4255,396
4256,272
4257,550
4258,652
4259,933
4260,795
4261,88
4262,151
4263,50
4264,478
4265,976
4266,588
4267,581
4268,63
4269,433
4270,444
4271,936
4272,116
4273,668
4274,587
4275,586
4276,448
4277,236
4278,499
4279,230
4280,790
4281,348
4282,423
4283,315
4284,67
4285,793
4286,953
4287,419
4288,395
4289,907
4290,633
4291,286
4292,900
4293,453
4294,489
4295,788
4296,559
4297,747
4298,664
4299,922
4300,389
4301,862
4302,748
4303,631
4304,521
4305,409
4306,493
4307,91
4308,200
4309,674
4310,142
4311,693
4312,835
4313,441
4314,153
4315,687
4316,332
4317,651
4318,353
4319,516
4320,595
4321,230
4322,557
4323,391
4324,170
4325,504
4326,870
4327,790
4328,350
4329,183
4330,284
4331,910
4332,366
4333,66
4334,967
4335,708
4336,544
4337,252
4338,245
4339,354
4340,376
4341,46
4342,974
4343,87
4344,953
4345,890
4346,517
4347,366
4348,486
4349,313
4350,726
4351,610
4352,603
4353,269
4354,767
4355,267
4356,120
4357,947
4358,999
4359,180
4360,302
4361,688
4362,300
4363,605
4364,914
4365,877
4366,979
4367,935
4368,420
4369,705
4370,641
4371,638
4372,498
4373,109
4374,715
4375,542
4376,23
4377,685
4378,435
4379,246
4380,298
4381,942
4382,691
4383,290
4384,765
4385,625
4386,832
4387,148
4388,858
4389,659
4390,52
4391,493
4392,496
4393,289
4394,121
4395,313
4396,170
4397,145
4398,961
4399,753
4400,195
4401,515
4402,860
4403,97
4404,249
4405,247
4406,39
4407,664
4408,774
4409,300
4410,756
4411,778
4412,423
4413,561
4414,305
4415,269
4416,621
4417,220
4418,154
4419,540
4420,784
4421,135
4422,808
4423,498
4424,745
4425,348
4426,670
4427,888
4428,248
4429,659
4430,818
4431,566
4432,793
4433,574
4434,922
4435,276
4436,781
4437,212
4438,834
4439,272
4440,993
4441,15
4442,329
4443,943
4444,254
4445,114
4446,162
4447,879
4448,109
4449,365
4450,10
4451,603
4452,346
4453,933
4454,976
4455,493
4456,327
4457,979
4458,861
4459,127
4460,869
4461,900
4462,790
4463,254
4464,954
4465,732
4466,851
4467,546
4468,196
4469,726
4470,419
4471,763
4472,991
4473,13
4474,109
4475,84
4476,19
4477,371
4478,608
4479,530
4480,338
4481,302
4482,165
4483,615
4484,486
4485,68
4486,671
4487,750
4488,177
4489,840
4490,351
4491,428
4492,306
4493,820
4494,602
4495,175
4496,669
4497,627
4498,501
4499,942
4500,373
4501,222
4502,266
4503,132
4504,943
4505,242
4506,878
4507,861
4508,246
4509,234
4510,288
4511,709
4512,678
4513,441
4514,844
4515,158
4516,690
4517,487
4518,722
4519,533
4520,611
4521,351
4522,958
4523,112
4524,50
4525,98
4526,944
4527,147
4528,112
4529,43
4530,916
4531,310
4532,132
4533,14
4534,348
4535,902
4536,233
4537,463
4538,354
4539,200
4540,892
4541,691
4542,612
4543,172
4544,999
4545,421
4546,791
4547,439
4548,220
4549,442
4550,899
4551,360
4552,690
4553,983
4554,614
4555,269
4556,790
4557,231
4558,50
4559,434
4560,556
4561,759
4562,889
4563,883
4564,761
4565,224
4566,45
4567,494
4568,823
4569,791
4570,308
4571,227
4572,888
4573,891
4574,370
4575,803
4576,517
4577,492
4578,746
4579,518
4580,468
4581,284
4582,29
4583,256
4584,474
4585,284
4586,367
4587,408
4588,234
4589,177
4590,397
4591,338
4592,440
4593,616
4594,14
4595,396
4596,130
4597,540
4598,832
4599,516
4600,879
4601,253
4602,681
4603,215
4604,716
4605,837
4606,184
4607,32
4608,594
4609,116
4610,133
4611,831
4612,77
4613,733
4614,884
4615,880
4616,166
4617,420
4618,839
4619,207
4620,777
4621,598
4622,797
4623,342
4624,732
4625,351
4626,111
4627,941
4628,308
4629,62
4630,497
4631,749
4632,506
4633,660
4634,413
4635,361
4636,681
4637,273
4638,195
4639,527
4640,92
4641,948
4642,141
4643,902
4644,217
4645,184
4646,512
4647,820
4648,155
4649,307
4650,928
4651,654
4652,417
4653,720
4654,578
4655,452
4656,499
4657,479
4658,922
4659,606
4660,980
4661,592
4662,736
4663,773
4664,699
4665,142
4666,946
4667,302
4668,555
4669,940
4670,849
4671,250
4672,908
4673,6
4674,89
4675,646
4676,226
4677,254
4678,208
4679,525
4680,44
4681,499
4682,491
4683,71
4684,473
4685,403
4686,789
4687,79
4688,36
4689,463
4690,224
4691,686
4692,76
4693,128
4694,528
4695,158
4696,41
4697,193
4698,542
4699,182
4700,768
4701,739
4702,904
4703,555
4704,89
4705,363
4706,484
4707,943
4708,839
4709,731
4710,315
4711,897
4712,572
4713,831
4714,573
4715,955
4716,39
4717,245
4718,650
4719,350
4720,229
4721,618
4722,2
4723,695
4724,573
4725,30
4726,964
4727,34
4728,504
4729,508
4730,328
4731,923
4732,865
4733,361
4734,480
4735,235
4736,374
4737,72
4738,545
4739,910
4740,71
4741,79
4742,714
4743,546
4744,118
4745,657
4746,979
4747,32
4748,43
4749,798
4750,742
4751,507
4752,615
4753,436
4754,984
4755,398
4756,165
4757,705
4758,217
4759,694
4760,480
4761,598
4762,583
4763,311
4764,314
4765,567
4766,430
4767,491
4768,423
4769,661
4770,172
4771,467
4772,20
4773,185
4774,375
4775,18
4776,374
4777,545
4778,662
4779,676
4780,80
4781,823
4782,530
4783,257
4784,708
4785,948
4786,725
4787,23
4788,927
4789,863
4790,659
4791,654
4792,197
4793,660
4794,707
4795,27
4796,395
4797,752
4798,821
4799,783
4800,689
4801,894
4802,670
4803,637
4804,742
4805,834
4806,520
4807,116
4808,478
4809,327
4810,183
4811,63
4812,996
4813,468
4814,609
4815,328
4816,737
4817,832
4818,124
4819,651
4820,844
4821,766
4822,721
4823,520
4824,664
4825,796
4826,218
4827,673
4828,765
4829,83
4830,968
4831,928
4832,815
4833,737
4834,657
4835,220
4836,263
4837,686
4838,924
4839,839
4840,850
4841,181
4842,94
4843,903
4844,145
4845,453
4846,425
4847,757
4848,190
4849,149
4850,211
4851,727
4852,109
4853,999
4854,479
4855,127
4856,722
4857,335
4858,246
4859,118
4860,670
4861,649
4862,371
4863,27
4864,932
4865,674
4866,97
4867,707
4868,585
4869,242
4870,537
4871,52
4872,925
4873,689
4874,652
4875,357
4876,78
4877,343
4878,534
4879,961
4880,841
4881,566
4882,75
4883,333
4884,183
4885,835
4886,736
4887,25
4888,950
4889,540
4890,504
4891,499
4892,480
4893,71
4894,973
4895,494
4896,593
4897,64
4898,455
4899,614
4900,100
4901,348
4902,192
4903,174
4904,308
4905,981
4906,192
4907,509
4908,801
4909,955
4910,90
4911,883
4912,49
4913,776
4914,8
4915,239
4916,664
4917,966
4918,794
4919,839
4920,984
4921,861
4922,127
4923,126
4924,168
4925,833
4926,492
4927,820
4928,381
4929,174
4930,958
4931,651
4932,913
4933,572
4934,67
4935,151
4936,498
4937,424
4938,243
4939,117
4940,547
4941,828
4942,804
4943,477
4944,980
4945,754
4946,755
4947,124
4948,606
4949,37
4950,63
4951,264
4952,210
4953,735
4954,990
4955,464
4956,306
4957,296
4958,203
4959,564
4960,803
4961,509
4962,923
4963,708
4964,772
4965,888
4966,882
4967,168
4968,300
4969,665
4970,707
4971,76
4972,5
4973,390
4974,472
4975,148
4976,506
4977,838
4978,232
4979,552
4980,674
4981,766
4982,319
4983,316
4984,638
4985,817
4986,275
4987,390
4988,820
4989,195
4990,214
4991,242
4992,847
4993,221
4994,620
4995,187
4996,331
4997,273
4998,142
4999,516
5000,579
5001,228
5002,968
5003,629
5004,133
5005,260
5006,834
5007,347
5008,875
5009,666
5010,812
5011,338
5012,543
5013,601
5014,365
5015,373
5016,594
5017,677
5018,13
5019,8
5020,172
5021,272
5022,547
5023,779
5024,631
5025,986
5026,656
5027,550
5028,851
5029,193
5030,938
5031,752
5032,62
5033,512
5034,837
5035,708
5036,790
5037,895
5038,967
5039,752
5040,832
5041,158
5042,96
5043,367
5044,692
5045,910
5046,491
5047,200
5048,918
5049,133
5050,572
5051,113
5052,593
5053,410
5054,426
5055,626
5056,619
5057,500
5058,737
5059,554
5060,975
5061,511
5062,96
5063,893
5064,17
5065,359
5066,592
5067,469
5068,541
5069,673
5070,591
5071,384
5072,884
5073,959
5074,689
5075,445
5076,559
5077,294
5078,136
5079,650
5080,570
5081,19
5082,768
5083,411
5084,490
5085,179
5086,192
5087,219
5088,554
5089,216
5090,254
5091,787
5092,875
5093,230
5094,864
5095,441
5096,622
5097,399
5098,278
5099,776
5100,633
5101,294
5102,893
5103,106
5104,598
5105,94
5106,618
5107,525
5108,418
5109,790
5110,330
5111,707
5112,323
5113,686
5114,580
5115,130
5116,626
5117,638
5118,928
5119,368
5120,131
5121,407
5122,279
5123,710
5124,681
5125,552
5126,860
5127,426
5128,582
5129,423
5130,732
5131,138
5132,876
5133,167
5134,683
5135,408
5136,810
5137,488
5138,176
5139,914
5140,739
5141,385
5142,399
5143,661
5144,794
5145,881
5146,780
5147,868
5148,117
5149,159
5150,44
5151,485
5152,760
5153,687
5154,561
5155,896
5156,160
5157,377
5158,175
5159,3
5160,180
5161,615
5162,190
5163,772
5164,188
5165,719
5166,973
5167,590
5168,143
5169,685
5170,667
5171,38
5172,455
5173,299
5174,735
5175,25
5176,138
5177,268
5178,189
5179,397
5180,613
5181,62
5182,684
5183,993
5184,98
5185,308
5186,265
5187,790
5188,142
5189,964
5190,430
5191,727
5192,998
5193,421
5194,797
5195,766
5196,519
5197,178
5198,913
5199,979
5200,655
5201,784
5202,429
5203,903
5204,76
5205,433
5206,428
5207,577
5208,660
5209,401
5210,726
5211,634
5212,926
5213,887
5214,61
5215,26
5216,37
5217,166
5218,265
5219,597
5220,693
5221,451
5222,772
5223,187
5224,395
5225,178
5226,610
5227,449
5228,551
5229,544
5230,894
5231,990
5232,528
5233,321
5234,775
5235,290
5236,769
5237,278
5238,882
5239,255
5240,632
5241,388
5242,911
5243,512
5244,499
5245,359
5246,844
5247,891
5248,242
5249,982
5250,628
5251,95
5252,598
5253,289
5254,860
5255,110
5256,511
5257,862
5258,24
5259,674
5260,343
5261,207
5262,192
5263,870
5264,537
5265,598
5266,703
5267,109
5268,726
5269,722
5270,940
5271,236
5272,245
5273,135
5274,475
5275,948
5276,453
5277,908
5278,268
5279,701
5280,867
5281,77
5282,264
5283,941
5284,62
5285,221
5286,319
5287,71
5288,152
5289,691
5290,18
5291,979
5292,871
5293,119
5294,208
5295,393
5296,485
5297,625
5298,534
5299,147
5300,885
5301,115
5302,806
5303,749
5304,626
5305,386
5306,285
5307,225
5308,121
5309,287
5310,251
5311,328
5312,723
5313,570
5314,592
5315,865
5316,737
5317,240
5318,458
5319,634
5320,217
5321,530
5322,138
5323,769
5324,603
5325,294
5326,426
5327,789
5328,316
5329,85
5330,434
5331,511
5332,996
5333,3
5334,427
5335,110
5336,730
5337,159
5338,16
5339,279
5340,947
5341,973
5342,826
5343,375
5344,868
5345,905
5346,497
5347,146
5348,212
5349,107
5350,21
5351,282
5352,34
5353,699
5354,863
5355,623
5356,926
5357,187
5358,785
5359,377
5360,980
5361,111
5362,846
5363,898
5364,920
5365,337
5366,7
5367,307
5368,871
5369,675
5370,915
5371,512
5372,452
5373,882
5374,739
5375,21
5376,813
5377,436
5378,92
5379,132
5380,656
5381,81
5382,788
5383,97
5384,250
5385,384
5386,669
5387,715
5388,568
5389,564
5390,914
5391,748
5392,965
5393,215
5394,564
5395,750
5396,618
5397,721
5398,105
5399,986
5400,220
5401,459
5402,996
5403,794
5404,42
5405,271
5406,390
5407,115
5408,948
5409,326
5410,9
5411,240
5412,590
5413,50
5414,388
5415,359
5416,308
5417,517
5418,800
5419,451
5420,468
5421,806
5422,561
5423,830
5424,785
5425,450
5426,487
5427,324
5428,962
5429,467
5430,514
5431,999
5432,435
5433,854
5434,977
5435,56
5436,844
5437,134
5438,543
5439,924
5440,27
5441,41
5442,466
5443,975
5444,692
5445,788
5446,812
5447,824
5448,135
5449,71
5450,26
5451,139
5452,30
5453,605
5454,969
5455,369
5456,234
5457,651
5458,862
5459,958
5460,815
5461,317
5462,491
5463,747
5464,31
5465,623
5466,776
5467,319
5468,512
5469,916
5470,948
5471,489
5472,106
5473,802
5474,29
5475,91
5476,34
5477,471
5478,906
5479,731
5480,80
5481,465
5482,755
5483,441
5484,143
5485,891
5486,499
5487,8
5488,656
5489,187
5490,748
5491,645
5492,661
5493,789
5494,408
5495,612
5496,665
5497,655
5498,956
5499,509
5500,780
5501,688
5502,151
5503,901
5504,386
5505,841
5506,205
5507,416
5508,88
5509,278
5510,199
5511,450
5512,103
5513,917
5514,474
5515,246
5516,101
5517,931
5518,396
5519,312
5520,542
5521,835
5522,981
5523,107
5524,162
5525,486
5526,175
5527,711
5528,133
5529,431
5530,26
5531,368
5532,226
5533,599
5534,91
5535,322
5536,822
5537,146
5538,372
5539,717
5540,922
5541,847
5542,161
5543,611
5544,686
5545,752
5546,460
5547,514
5548,660
5549,413
5550,237
5551,593
5552,820
5553,998
5554,932
5555,238
5556,530
5557,612
5558,54
5559,31
5560,517
5561,981
5562,648
5563,123
5564,687
5565,18
5566,503
5567,250
5568,707
5569,969
5570,275
5571,73
5572,92
5573,53
5574,93
5575,229
5576,483
5577,96
5578,158
5579,428
5580,787
5581,799
5582,219
5583,191
5584,120
5585,518
5586,806
5587,856
5588,989
5589,302
5590,367
5591,614
5592,471
5593,667
5594,792
5595,947
5596,55
5597,683
5598,911
5599,891
5600,250
5601,395
5602,234
5603,847
5604,491
5605,749
5606,911
5607,379
5608,666
5609,877
5610,939
5611,812
5612,620
5613,827
5614,463
5615,91
5616,524
5617,852
5618,184
5619,847
5620,839
5621,387
5622,618
5623,133
5624,491
5625,580
5626,393
5627,454
5628,151
5629,188
5630,867
5631,657
5632,63
5633,75
5634,947
5635,393
5636,257
5637,812
5638,797
5639,283
5640,54
5641,546
5642,333
5643,590
5644,405
5645,847
5646,638
5647,452
5648,516
5649,114
5650,715
5651,336
5652,494
5653,650
5654,30
5655,400
5656,755
5657,534
5658,956
5659,579
5660,555
5661,38
5662,235
5663,442
5664,657
5665,293
5666,823
5667,693
5668,213
5669,347
5670,469
5671,485
5672,59
5673,137
5674,552
5675,680
5676,933
5677,140
5678,805
5679,418
5680,521
5681,643
5682,73
5683,79
5684,419
5685,622
5686,103
5687,934
5688,983
5689,482
5690,845
5691,873
5692,464
5693,889
5694,229
5695,865
5696,708
5697,172
5698,961
5699,243
5700,751
5701,568
5702,305
5703,893
5704,496
5705,215
5706,568
5707,528
5708,146
5709,614
5710,849
5711,914
5712,278
5713,968
5714,810
5715,896
5716,32
5717,683
5718,469
5719,348
5720,268
5721,365
5722,609
5723,613
5724,69
5725,901
5726,917
5727,338
5728,127
5729,295
5730,49
5731,930
5732,202
5733,655
5734,478
5735,633
5736,278
5737,135
5738,315
5739,385
5740,346
5741,701
5742,452
5743,312
5744,237
5745,219
5746,307
5747,308
5748,345
5749,746
5750,688
5751,238
5752,398
5753,419
5754,619
5755,528
5756,66
5757,630
5758,404
5759,508
5760,282
5761,495
5762,608
5763,665
5764,147
5765,520
5766,769
5767,520
5768,92
5769,63
5770,218
5771,793
5772,667
5773,532
5774,772
5775,552
5776,685
5777,411
5778,740
5779,825
5780,280
5781,387
5782,436
5783,790
5784,361
5785,509
5786,598
5787,963
5788,207
5789,4
5790,184
5791,433
5792,299
5793,750
5794,841
5795,962
5796,191
5797,210
5798,899
5799,226
5800,354
5801,471
5802,435
5803,105
5804,330
5805,570
5806,160
5807,120
5808,0
5809,163
5810,748
5811,899
5812,675
5813,557
5814,538
5815,596
5816,888
5817,319
5818,306
5819,221
5820,714
5821,165
5822,957
5823,495
5824,511
5825,813
5826,345
5827,1
5828,601
5829,850
5830,273
5831,375
5832,73
5833,909
5834,462
5835,533
5836,950
5837,130
5838,146
5839,12
5840,521
5841,448
5842,894
5843,422
5844,697
5845,628
5846,543
5847,166
5848,609
5849,599
5850,592
5851,450
5852,677
5853,592
5854,432
5855,345
5856,234
5857,520
5858,291
5859,743
5860,964
5861,586
5862,894
5863,668
5864,64
5865,668
5866,713
5867,764
5868,363
5869,751
5870,106
5871,395
5872,833
5873,83
5874,496
5875,385
5876,734
5877,700
5878,608
5879,280
5880,352
5881,240
5882,803
5883,573
5884,581
5885,766
5886,180
5887,85
5888,101
5889,969
5890,500
5891,257
5892,218
5893,678
5894,590
5895,387
5896,891
5897,680
5898,346
5899,545
5900,80
5901,412
5902,412
5903,334
5904,422
5905,311
5906,805
5907,385
5908,25
5909,692
5910,561
5911,985
5912,292
5913,273
5914,729
5915,616
5916,876
5917,283
5918,598
5919,950
5920,976
5921,891
5922,739
5923,234
5924,71
5925,443
5926,587
5927,318
5928,416
5929,242
5930,52
5931,636
5932,929
5933,666
5934,144
5935,830
5936,93
5937,209
5938,580
5939,239
5940,807
5941,656
5942,985
5943,306
5944,537
5945,566
5946,859
5947,406
5948,317
5949,668
5950,209
5951,941
5952,229
5953,364
5954,909
5955,165
5956,525
5957,860
5958,108
5959,777
5960,291
5961,344
5962,319
5963,480
5964,997
5965,372
5966,696
5967,982
5968,787
5969,126
5970,428
5971,263
5972,583
5973,896
5974,319
5975,191
5976,728
5977,114
5978,740
5979,552
5980,270
5981,407
5982,687
5983,496
5984,646
5985,780
5986,308
5987,194
5988,658
5989,851
5990,136
5991,45
5992,475
5993,986
5994,335
5995,408
5996,367
5997,394
5998,736
5999,242
6000,962
6001,891
6002,723
6003,802
6004,639
6005,699
6006,388
6007,218
6008,209
6009,360
6010,25
6011,979
6012,80
6013,290
6014,667
6015,609
6016,941
6017,682
6018,666
6019,695
6020,837
6021,86
6022,307
6023,102
6024,377
6025,438
6026,787
6027,784
6028,263
6029,952
6030,68
6031,328
6032,223
6033,100
6034,855
6035,629
6036,860
6037,783
6038,491
6039,331
6040,67
6041,712
6042,607
6043,897
6044,981
6045,388
6046,707
6047,984
6048,236
6049,502
6050,417
6051,173
6052,869
6053,905
6054,934
6055,882
6056,663
6057,280
6058,706
6059,926
6060,759
6061,368
6062,859
6063,410
6064,727
6065,870
6066,258
6067,471
6068,854
6069,904
6070,747
6071,637
6072,854
6073,643
6074,857
6075,58
6076,65
6077,860
6078,88
6079,394
6080,142
6081,829
6082,576
6083,794
6084,472
6085,139
6086,371
6087,721
6088,454
6089,174
6090,869
6091,263
6092,771
6093,67
6094,139
6095,802
6096,891
6097,965
6098,145
6099,815
6100,17
6101,2
6102,544
6103,906
6104,583
6105,569
6106,199
6107,644
6108,523
6109,762
6110,202
6111,574
6112,791
6113,57
6114,546
6115,186
6116,746
6117,851
6118,172
6119,954
6120,929
6121,342
6122,154
6123,521
6124,931
6125,845
6126,692
6127,186
6128,566
6129,70
6130,247
6131,990
6132,509
6133,319
6134,543
6135,727
6136,839
6137,375
6138,585
6139,118
6140,956
6141,138
6142,765
6143,901
6144,33
6145,337
6146,291
6147,209
6148,121
6149,539
6150,953
6151,713
6152,152
6153,769
6154,935
6155,900
6156,661
6157,588
6158,511
6159,165
6160,926
6161,749
6162,898
6163,693
6164,739
6165,881
6166,643
6167,160
6168,104
6169,976
6170,847
6171,653
6172,488
6173,442
6174,825
6175,125
6176,0
6177,731
6178,310
6179,552
6180,128
6181,86
6182,836
6183,557
6184,915
6185,764
6186,432
6187,511
6188,306
6189,894
6190,368
6191,194
6192,890
6193,754
6194,776
6195,16
6196,218
6197,851
6198,335
6199,289
6200,857
6201,137
6202,962
6203,617
6204,751
6205,322
6206,13
6207,828
6208,438
6209,122
6210,873
6211,758
6212,290
6213,80
6214,853
6215,968
6216,571
6217,877
6218,679
6219,101
6220,543
6221,774
6222,433
6223,227
6224,976
6225,454
6226,940
6227,757
6228,331
6229,667
6230,764
6231,321
6232,520
6233,613
6234,168
6235,153
6236,197
6237,856
6238,897
6239,976
6240,843
6241,216
6242,978
6243,466
6244,156
6245,658
6246,236
6247,946
6248,44
6249,801
6250,853
6251,957
6252,500
6253,698
6254,719
6255,781
6256,99
6257,39
6258,709
6259,50
6260,54
6261,649
6262,737
6263,877
6264,72
6265,854
6266,285
6267,145
6268,482
6269,844
6270,457
6271,881
6272,417
6273,243
6274,23
6275,677
6276,171
6277,87
6278,129
6279,535
6280,664
6281,720
6282,492
6283,177
6284,44
6285,622
6286,518
6287,689
6288,969
6289,428
6290,659
6291,481
6292,563
6293,180
6294,430
6295,813
6296,963
6297,55
6298,712
6299,584
6300,951
6301,661
6302,784
6303,925
6304,853
6305,961
6306,41
6307,202
6308,27
6309,53
6310,706
6311,473
6312,68
6313,372
6314,931
6315,99
6316,314
6317,61
6318,433
6319,399
6320,137
6321,971
6322,636
6323,835
6324,611
6325,262
6326,933
6327,544
6328,303
6329,142
6330,196
6331,460
6332,470
6333,18
6334,839
6335,307
6336,7
6337,896
6338,3
6339,681
6340,364
6341,438
6342,815
6343,469
6344,775
6345,132
6346,216
6347,947
6348,732
6349,284
6350,569
6351,300
6352,822
6353,678
6354,433
6355,745
6356,121
6357,438
6358,146
6359,696
6360,367
6361,180
6362,547
6363,564
6364,302
6365,603
6366,563
6367,203
6368,728
6369,255
6370,620
6371,791
6372,294
6373,519
6374,585
6375,140
6376,652
6377,430
6378,969
6379,970
6380,983
6381,527
6382,875
6383,955
6384,598
6385,255
6386,463
6387,13
6388,195
6389,90
6390,602
6391,629
6392,850
6393,687
6394,337
6395,166
6396,460
6397,64
6398,848
6399,865
6400,771
6401,114
6402,601
6403,88
6404,249
6405,767
6406,743
6407,346
6408,880
6409,624
6410,876
6411,170
6412,79
6413,366
6414,10
6415,648
6416,465
6417,64
6418,690
6419,880
6420,641
6421,471
6422,706
6423,159
6424,501
6425,340
6426,420
6427,117
6428,138
6429,395
6430,191
6431,246
6432,430
6433,764
6434,795
6435,507
6436,98
6437,309
6438,943
6439,37
6440,651
6441,457
6442,452
6443,479
6444,972
6445,706
6446,850
6447,15
6448,595
6449,876
6450,878
6451,42
6452,502
6453,167
6454,876
6455,301
6456,342
6457,785
6458,358
6459,339
6460,567
6461,716
6462,19
6463,425
6464,678
6465,13
6466,492
6467,55
6468,694
6469,505
6470,47
6471,220
6472,447
6473,484
6474,502
6475,470
6476,948
6477,670
6478,790
6479,244
6480,853
6481,293
6482,877
6483,581
6484,654
6485,437
6486,640
6487,486
6488,264
6489,277
6490,583
6491,725
6492,575
6493,11
6494,456
6495,781
6496,234
6497,542
6498,367
6499,985
6500,616
6501,682
6502,745
6503,896
6504,75
6505,300
6506,537
6507,60
6508,82
6509,233
6510,832
6511,860
6512,345
6513,7
6514,783
6515,898
6516,166
6517,469
6518,833
6519,124
6520,940
6521,20
6522,441
6523,653
6524,565
6525,276
6526,983
6527,1
6528,762
6529,914
6530,404
6531,581
6532,490
6533,56
6534,949
6535,513
6536,17
6537,257
6538,286
6539,373
6540,416
6541,737
6542,920
6543,148
6544,799
6545,982
6546,491
6547,107
6548,276
6549,184
6550,204
6551,830
6552,735
6553,865
6554,771
6555,24
6556,962
6557,217
6558,982
6559,204
6560,98
6561,760
6562,553
6563,68
6564,680
6565,78
6566,631
6567,626
6568,158
6569,328
6570,364
6571,406
6572,809
6573,434
6574,905
6575,386
6576,552
6577,803
6578,145
6579,680
6580,45
6581,362
6582,694
6583,300
6584,339
6585,13
6586,410
6587,736
6588,313
6589,913
6590,884
6591,795
6592,371
6593,219
6594,253
6595,916
6596,836
6597,769
6598,833
6599,136
6600,833
6601,468
6602,278
6603,880
6604,9
6605,799
6606,454
6607,586
6608,756
6609,381
6610,29
6611,904
6612,203
6613,20
6614,649
6615,176
6616,859
6617,610
6618,310
6619,214
6620,254
6621,788
6622,457
6623,917
6624,473
6625,548
6626,216
6627,60
6628,66
6629,65
6630,607
6631,862
6632,817
6633,533
6634,825
6635,778
6636,672
6637,963
6638,912
6639,157
6640,256
6641,770
6642,430
6643,127
6644,906
6645,190
6646,98
6647,155
6648,256
6649,449
6650,277
6651,75
6652,937
6653,468
6654,396
6655,42
6656,37
6657,340
6658,262
6659,909
6660,158
6661,112
6662,780
6663,157
6664,312
6665,121
6666,902
6667,775
6668,663
6669,464
6670,343
6671,263
6672,787
6673,609
6674,842
6675,723
6676,530
6677,777
6678,272
6679,24
6680,734
6681,199
6682,945
6683,233
6684,73
6685,662
6686,351
6687,26
6688,400
6689,336
6690,623
6691,372
6692,417
6693,172
6694,811
6695,277
6696,591
6697,51
6698,617
6699,873
6700,182
6701,203
6702,407
6703,962
6704,129
6705,32
6706,578
6707,480
6708,226
6709,615
6710,212
6711,202
6712,486
6713,75
6714,914
6715,549
6716,3
6717,824
6718,393
6719,849
6720,489
6721,227
6722,800
6723,586
6724,100
6725,206
6726,215
6727,581
6728,243
6729,123
6730,800
6731,895
6732,985
6733,353
6734,49
6735,506
6736,443
6737,165
6738,995
6739,818
6740,906
6741,494
6742,448
6743,780
6744,386
6745,367
6746,307
6747,381
6748,70
6749,155
6750,12
6751,19
6752,380
6753,765
6754,211
6755,669
6756,617
6757,705
6758,488
6759,463
6760,369
6761,997
6762,624
6763,326
6764,170
6765,337
6766,738
6767,266
6768,668
6769,668
6770,353
6771,710
6772,130
6773,721
6774,921
6775,453
6776,804
6777,132
6778,783
6779,785
6780,215
6781,138
6782,95
6783,806
6784,125
6785,839
6786,495
6787,668
6788,94
6789,721
6790,777
6791,498
6792,71
6793,367
6794,258
6795,980
6796,61
6797,335
6798,280
6799,251
6800,250
6801,3
6802,684
6803,371
6804,338
6805,141
6806,926
6807,300
6808,498
6809,939
6810,58
6811,347
6812,884
6813,808
6814,457
6815,743
6816,620
6817,252
6818,254
6819,83
6820,851
6821,776
6822,350
6823,984
6824,580
6825,832
6826,636
6827,210
6828,408
6829,23
6830,440
6831,341
6832,7
6833,929
6834,618
6835,229
6836,928
6837,855
6838,729
6839,103
6840,37
6841,219
6842,980
6843,743
6844,281
6845,679
6846,315
6847,15
6848,214
6849,135
6850,696
6851,325
6852,788
6853,865
6854,779
6855,132
6856,339
6857,147
6858,311
6859,536
6860,942
6861,968
6862,809
6863,156
6864,428
6865,151
6866,969
6867,779
6868,675
6869,506
6870,294
6871,448
6872,621
6873,843
6874,655
6875,485
6876,351
6877,18
6878,292
6879,569
6880,749
6881,137
6882,977
6883,733
6884,383
6885,619
6886,173
6887,481
6888,882
6889,530
6890,451
6891,974
6892,100
6893,537
6894,662
6895,784
6896,436
6897,160
6898,575
6899,806
6900,926
6901,665
6902,497
6903,801
6904,727
6905,714
6906,341
6907,261
6908,27
6909,874
6910,858
6911,930
6912,770
6913,714
6914,594
6915,569
6916,974
6917,164
6918,89
6919,512
6920,673
6921,945
6922,620
6923,214
6924,878
6925,486
6926,367
6927,758
6928,734
6929,822
6930,498
6931,595
6932,780
6933,150
6934,802
6935,631
6936,484
6937,468
6938,528
6939,637
6940,908
6941,141
6942,904
6943,953
6944,532
6945,898
6946,244
6947,781
6948,409
6949,902
6950,493
6951,781
6952,587
6953,810
6954,635
6955,905
6956,897
6957,928
6958,48
6959,236
6960,624
6961,527
6962,593
6963,325
6964,590
6965,624
6966,226
6967,512
6968,837
6969,947
6970,168
6971,337
6972,609
6973,504
6974,200
6975,436
6976,785
6977,191
6978,761
6979,865
6980,929
6981,505
6982,21
6983,15
6984,191
6985,212
6986,965
6987,861
6988,569
6989,511
6990,413
6991,117
6992,601
6993,74
6994,902
6995,281
6996,952
6997,639
6998,518
6999,103
7000,60
7001,207
7002,389
7003,175
7004,679
7005,949
7006,220
7007,486
7008,472
7009,125
7010,299
7011,77
7012,453
7013,738
7014,40
7015,330
7016,273
7017,846
7018,527
7019,969
7020,426
7021,700
7022,696
7023,263
7024,463
7025,252
7026,675
7027,355
7028,141
7029,596
7030,591
7031,417
7032,387
7033,516
7034,772
7035,163
7036,675
7037,709
7038,697
7039,677
7040,135
7041,165
7042,647
7043,751
7044,840
7045,799
7046,597
7047,782
7048,46
7049,171
7050,638
7051,727
7052,461
7053,572
7054,661
7055,28
7056,894
7057,512
7058,914
7059,333
7060,733
7061,928
7062,148
7063,14
7064,832
7065,397
7066,88
7067,888
7068,184
7069,937
7070,908
7071,400
7072,243
7073,531
7074,531
7075,537
7076,731
7077,313
7078,986
7079,781
7080,139
7081,493
7082,358
7083,685
7084,870
7085,107
7086,846
7087,31
7088,155
7089,388
7090,631
7091,574
7092,119
7093,961
7094,748
7095,215
7096,199
7097,540
7098,500
7099,221
7100,989
7101,197
7102,974
7103,69
7104,91
7105,567
7106,395
7107,291
7108,304
7109,897
7110,13
7111,214
7112,129
7113,526
7114,588
7115,907
7116,999
7117,855
7118,471
7119,533
7120,841
7121,689
7122,168
7123,290
7124,833
7125,323
7126,260
7127,577
7128,917
7129,352
7130,643
7131,337
7132,86
7133,243
7134,333
7135,531
7136,877
7137,424
7138,856
7139,739
7140,790
7141,510
7142,315
7143,855
7144,774
7145,616
7146,696
7147,382
7148,225
7149,565
7150,247
7151,722
7152,825
7153,417
7154,96
7155,480
7156,292
7157,698
7158,463
7159,901
7160,9
7161,507
7162,404
7163,679
7164,908
7165,421
7166,456
7167,654
7168,118
7169,836
7170,23
7171,679
7172,87
7173,412
7174,996
7175,27
7176,21
7177,828
7178,857
7179,373
7180,348
7181,559
7182,979
7183,578
7184,5
7185,223
7186,181
7187,789
7188,917
7189,125
7190,982
7191,198
7192,554
7193,901
7194,737
7195,419
7196,230
7197,377
7198,91
7199,382
7200,737
7201,726
7202,63
7203,555
7204,639
7205,645
7206,635
7207,321
7208,989
7209,172
7210,644
7211,593
7212,102
7213,118
7214,267
7215,915
7216,964
7217,96
7218,419
7219,679
7220,572
7221,527
7222,229
7223,593
7224,390
7225,659
7226,213
7227,165
7228,861
7229,872
7230,492
7231,495
7232,325
7233,765
7234,662
7235,39
7236,845
7237,358
7238,728
7239,674
7240,579
7241,45
7242,494
7243,973
7244,769
7245,527
7246,299
7247,148
7248,500
7249,416
7250,273
7251,158
7252,682
7253,623
7254,134
7255,846
7256,19
7257,395
7258,548
7259,378
7260,806
7261,572
7262,595
7263,118
7264,947
7265,559
7266,425
7267,308
7268,870
7269,928
7270,269
7271,610
7272,396
7273,804
7274,23
7275,778
7276,6
7277,779
7278,100
7279,592
7280,651
7281,288
7282,704
7283,0
7284,942
7285,657
7286,428
7287,273
7288,976
7289,790
7290,493
7291,308
7292,374
7293,660
7294,199
7295,423
7296,415
7297,343
7298,993
7299,176
7300,862
7301,743
7302,506
7303,760
7304,391
7305,805
7306,998
7307,423
7308,720
7309,19
7310,701
7311,48
7312,43
7313,230
7314,333
7315,87
7316,572
7317,763
7318,908
7319,529
7320,801
7321,503
7322,597
7323,807
7324,139
7325,612
7326,18
7327,979
7328,987
7329,478
7330,735
7331,783
7332,325
7333,159
7334,847
7335,74
7336,854
7337,367
7338,252
7339,32
7340,831
7341,886
7342,598
7343,639
7344,738
7345,447
7346,1
7347,428
7348,426
7349,324
7350,324
7351,564
7352,569
7353,308
7354,240
7355,424
7356,35
7357,236
7358,592
7359,826
7360,681
7361,225
7362,364
7363,898
7364,491
7365,101
7366,986
7367,834
7368,985
7369,541
7370,747
7371,612
7372,486
7373,476
7374,176
7375,574
7376,324
7377,822
7378,35
7379,915
7380,470
7381,46
7382,481
7383,698
7384,989
7385,835
7386,447
7387,687
7388,667
7389,966
7390,196
7391,585
7392,779
7393,378
7394,561
7395,418
7396,113
7397,826
7398,418
7399,376
7400,499
7401,702
7402,374
7403,175
7404,905
7405,292
7406,182
7407,455
7408,437
7409,59
7410,338
7411,20
7412,385
7413,41
7414,385
7415,606
7416,435
7417,381
7418,648
7419,100
7420,993
7421,14
7422,421
7423,626
7424,219
7425,670
7426,461
7427,331
7428,304
7429,416
7430,340
7431,855
7432,825
7433,940
7434,607
7435,518
7436,641
7437,878
7438,741
7439,497
7440,933
7441,356
7442,340
7443,297
7444,607
7445,179
7446,45
7447,102
7448,59
7449,13
7450,760
7451,931
7452,987
7453,818
7454,174
7455,257
7456,70
7457,742
7458,543
7459,729
7460,317
7461,831
7462,637
7463,592
7464,281
7465,895
7466,672
7467,664
7468,548
7469,146
7470,806
7471,468
7472,250
7473,406
7474,313
7475,48
7476,177
7477,867
7478,811
7479,720
7480,626
7481,677
7482,529
7483,960
7484,921
7485,15
7486,593
7487,656
7488,747
7489,85
7490,667
7491,425
7492,337
7493,895
7494,460
7495,532
7496,511
7497,9
7498,180
7499,430
7500,266
7501,195
7502,883
7503,261
7504,82
7505,474
7506,93
7507,191
7508,683
7509,271
7510,460
7511,104
7512,680
7513,599
7514,528
7515,236
7516,508
7517,202
7518,815
7519,210
7520,867
7521,396
7522,775
7523,749
7524,799
7525,582
7526,480
7527,376
7528,513
7529,166
7530,48
7531,195
7532,226
7533,633
7534,644
7535,274
7536,222
7537,888
7538,644
7539,386
7540,815
7541,469
7542,825
7543,167
7544,425
7545,525
7546,705
7547,145
7548,609
7549,543
7550,850
7551,992
7552,905
7553,647
7554,720
7555,322
7556,884
7557,119
7558,434
7559,103
7560,659
7561,653
7562,749
7563,55
7564,965
7565,50
7566,687
7567,968
7568,511
7569,374
7570,227
7571,594
7572,646
7573,111
7574,205
7575,574
7576,807
7577,639
7578,404
7579,26
7580,928
7581,319
7582,794
7583,63
7584,898
7585,714
7586,816
7587,152
7588,143
7589,680
7590,270
7591,927
7592,754
7593,615
7594,934
7595,139
7596,839
7597,881
7598,923
7599,861
7600,662
7601,4
7602,198
7603,877
7604,568
7605,255
7606,25
7607,425
7608,941
7609,598
7610,46
7611,992
7612,951
7613,818
7614,25
7615,115
7616,868
7617,531
7618,342
7619,47
7620,350
7621,79
7622,726
7623,951
7624,166
7625,398
7626,813
7627,404
7628,850
7629,581
7630,55
7631,334
7632,534
7633,191
7634,335
7635,583
7636,697
7637,387
7638,710
7639,933
7640,924
7641,866
7642,232
7643,65
7644,994
7645,108
7646,187
7647,672
7648,870
7649,748
7650,125
7651,561
7652,846
7653,321
7654,248
7655,97
7656,308
7657,605
7658,649
7659,206
7660,536
7661,266
7662,579
7663,172
7664,802
7665,149
7666,630
7667,910
7668,853
7669,845
7670,794
7671,283
7672,606
7673,291
7674,607
7675,169
7676,740
7677,312
7678,578
7679,438
7680,121
7681,638
7682,602
7683,966
7684,5
7685,197
7686,921
7687,66
7688,394
7689,739
7690,36
7691,974
7692,250
7693,243
7694,866
7695,921
7696,224
7697,308
7698,739
7699,933
7700,707
7701,593
7702,42
7703,34
7704,647
7705,124
7706,879
7707,552
7708,352
7709,81
7710,714
7711,39
7712,522
7713,211
7714,743
7715,904
7716,252
7717,910
7718,314
7719,416
7720,529
7721,690
7722,360
7723,233
7724,191
7725,33
7726,36
7727,45
7728,183
7729,661
7730,613
7731,916
7732,143
7733,294
7734,143
7735,666
7736,222
7737,488
7738,284
7739,811
7740,690
7741,795
7742,359
7743,155
7744,984
7745,951
7746,429
7747,232
7748,186
7749,459
7750,921
7751,53
7752,914
7753,623
7754,669
7755,699
7756,900
7757,701
7758,353
7759,347
7760,24
7761,682
7762,559
7763,227
7764,936
7765,508
7766,192
7767,165
7768,437
7769,31
7770,751
7771,869
7772,574
7773,524
7774,501
7775,23
7776,728
7777,619
7778,270
7779,447
7780,396
7781,293
7782,954
7783,566
7784,926
7785,247
7786,698
7787,783
7788,917
7789,545
7790,804
7791,167
7792,334
7793,548
7794,252
7795,264
7796,922
7797,29
7798,282
7799,172
7800,826
7801,379
7802,655
7803,679
7804,707
7805,30
7806,164
7807,723
7808,987
7809,628
7810,402
7811,299
7812,639
7813,762
7814,755
7815,549
7816,267
7817,248
7818,109
7819,240
7820,402
7821,371
7822,876
7823,440
7824,340
7825,466
7826,32
7827,358
7828,441
7829,381
7830,56
7831,429
7832,663
7833,987
7834,337
7835,942
7836,510
7837,172
7838,447
7839,884
7840,436
7841,939
7842,953
7843,347
7844,495
7845,711
7846,185
7847,595
7848,59
7849,119
7850,327
7851,387
7852,859
7853,183
7854,770
7855,644
7856,135
7857,513
7858,944
7859,205
7860,692
7861,451
7862,305
7863,153
7864,883
7865,255
7866,168
7867,728
7868,440
7869,818
7870,457
7871,412
7872,897
7873,361
7874,783
7875,894
7876,665
7877,462
7878,804
7879,213
7880,599
7881,489
7882,0
7883,693
7884,282
7885,363
7886,708
7887,376
7888,24
7889,981
7890,16
7891,589
7892,508
7893,248
7894,120
7895,318
7896,387
7897,493
7898,94
7899,440
7900,230
7901,941
7902,412
7903,155
7904,271
7905,945
7906,907
7907,183
7908,410
7909,99
7910,605
7911,932
7912,980
7913,786
7914,687
7915,386
7916,904
7917,761
7918,196
7919,657
7920,218
7921,946
7922,929
7923,57
7924,782
7925,104
7926,140
7927,326
7928,66
7929,793
7930,778
7931,95
7932,846
7933,968
7934,294
7935,178
7936,40
7937,620
7938,353
7939,887
7940,681
7941,613
7942,835
7943,190
7944,998
7945,281
7946,590
7947,594
7948,540
7949,476
7950,866
7951,280
7952,328
7953,324
7954,19
7955,679
7956,551
7957,124
7958,870
7959,231
7960,141
7961,903
7962,3
7963,298
7964,986
7965,489
7966,287
7967,229
7968,294
7969,735
7970,570
7971,502
7972,731
7973,788
7974,660
7975,169
7976,422
7977,443
7978,517
7979,821
7980,807
7981,495
7982,895
7983,378
7984,571
7985,753
7986,526
7987,256
7988,21
7989,707
7990,419
7991,38
7992,784
7993,486
7994,608
7995,18
7996,41
7997,141
7998,486
7999,383
8000,557
8001,895
8002,471
8003,485
8004,531
8005,839
8006,394
8007,517
8008,489
8009,366
8010,208
8011,640
8012,232
8013,653
8014,802
8015,409
8016,178
8017,381
8018,279
8019,923
8020,456
8021,378
8022,718
8023,368
8024,681
8025,365
8026,135
8027,513
8028,609
8029,591
8030,24
8031,359
8032,224
8033,830
8034,492
8035,986
8036,494
8037,920
8038,327
8039,952
8040,735
8041,197
8042,276
8043,75
8044,961
8045,753
8046,835
8047,282
8048,324
8049,839
8050,262
8051,281
8052,622
8053,475
8054,170
8055,932
8056,209
8057,433
8058,344
8059,191
8060,118
8061,500
8062,443
8063,707
8064,260
8065,537
8066,236
8067,495
8068,917
8069,945
8070,450
8071,920
8072,16
8073,121
8074,575
8075,730
8076,741
8077,724
8078,732
8079,407
8080,714
8081,196
8082,642
8083,84
8084,182
8085,378
8086,581
8087,120
8088,146
8089,758
8090,970
8091,69
8092,712
8093,231
8094,142
8095,53
8096,914
8097,1
8098,918
8099,767
8100,634
8101,494
8102,541
8103,77
8104,263
8105,986
8106,262
8107,492
8108,158
8109,503
8110,814
8111,907
8112,156
8113,234
8114,355
8115,264
8116,978
8117,207
8118,675
8119,890
8120,982
8121,303
8122,503
8123,246
8124,886
8125,623
8126,700
8127,177
8128,127
8129,67
8130,661
8131,715
8132,291
8133,742
8134,371
8135,645
8136,926
8137,153
8138,277
8139,778
8140,860
8141,488
8142,655
8143,709
8144,523
8145,90
8146,417
8147,40
8148,222
8149,655
8150,363
8151,589
8152,255
8153,536
8154,516
8155,581
8156,413
8157,66
8158,412
8159,581
8160,507
8161,550
8162,253
8163,474
8164,78
8165,100
8166,488
8167,613
8168,819
8169,780
8170,568
8171,713
8172,923
8173,699
8174,427
8175,674
8176,277
8177,135
8178,912
8179,958
8180,985
8181,451
8182,510
8183,796
8184,32
8185,691
8186,381
8187,55
8188,576
8189,650
8190,802
8191,374
8192,198
8193,760
8194,518
8195,283
8196,469
8197,310
8198,919
8199,941
8200,627
8201,871
8202,471
8203,378
8204,138
8205,55
8206,481
8207,168
8208,990
8209,635
8210,278
8211,73
8212,22
8213,90
8214,489
8215,918
8216,9
8217,873
8218,570
8219,991
8220,260
8221,880
8222,533
8223,993
8224,201
8225,47
8226,799
8227,674
8228,282
8229,508
8230,607
8231,99
8232,132
8233,205
8234,112
8235,667
8236,707
8237,363
8238,257
8239,126
8240,11
8241,648
8242,311
8243,534
8244,767
8245,228
8246,856
8247,614
8248,743
8249,598
8250,238
8251,268
8252,646
8253,480
8254,986
8255,282
8256,216
8257,390
8258,151
8259,119
8260,228
8261,531
8262,747
8263,897
8264,181
8265,611
8266,222
8267,634
8268,677
8269,339
8270,904
8271,480
8272,728
8273,51
8274,464
8275,147
8276,208
8277,668
8278,16
8279,945
8280,355
8281,152
8282,939
8283,584
8284,497
8285,863
8286,474
8287,167
8288,521
8289,971
8290,681
8291,447
8292,926
8293,938
8294,242
8295,947
8296,653
8297,461
8298,974
8299,103
8300,323
8301,441
8302,581
8303,137
8304,318
8305,688
8306,893
8307,948
8308,416
8309,471
8310,164
8311,107
8312,256
8313,145
8314,919
8315,906
8316,872
8317,695
8318,551
8319,945
8320,1
8321,169
8322,10
8323,405
8324,250
8325,623
8326,139
8327,503
8328,423
8329,355
8330,53
8331,212
8332,858
8333,733
8334,227
8335,305
8336,585
8337,966
8338,240
8339,802
8340,107
8341,480
8342,940
8343,158
8344,226
8345,125
8346,536
8347,278
8348,401
8349,214
8350,761
8351,899
8352,356
8353,51
8354,265
8355,476
8356,102
8357,375
8358,631
8359,718
8360,121
8361,276
8362,615
8363,706
8364,420
8365,561
8366,632
8367,97
8368,555
8369,796
8370,125
8371,182
8372,903
8373,496
8374,189
8375,897
8376,440
8377,851
8378,908
8379,488
8380,140
8381,721
8382,934
8383,160
8384,199
8385,742
8386,791
8387,489
8388,663
8389,749
8390,858
8391,277
8392,846
8393,478
8394,318
8395,343
8396,600
8397,597
8398,281
8399,438
8400,540
8401,122
8402,282
8403,502
8404,533
8405,127
8406,429
8407,782
8408,563
8409,730
8410,841
8411,228
8412,773
8413,198
8414,47
8415,597
8416,543
8417,455
8418,574
8419,49
8420,906
8421,942
8422,828
8423,549
8424,607
8425,528
8426,990
8427,743
8428,363
8429,768
8430,605
8431,893
8432,903
8433,878
8434,934
8435,666
8436,928
8437,201
8438,208
8439,861
8440,919
8441,102
8442,510
8443,991
8444,551
8445,737
8446,28
8447,737
8448,722
8449,412
8450,899
8451,368
8452,719
8453,795
8454,408
8455,345
8456,135
8457,782
8458,108
8459,760
8460,302
8461,789
8462,607
8463,303
8464,531
8465,234
8466,199
8467,507
8468,181
8469,501
8470,435
8471,997
8472,310
8473,7
8474,329
8475,525
8476,212
8477,307
8478,631
8479,267
8480,630
8481,890
8482,979
8483,58
8484,217
8485,747
8486,411
8487,422
8488,573
8489,684
8490,205
8491,463
8492,68
8493,617
8494,844
8495,101
8496,809
8497,7
8498,265
8499,518
8500,865
8501,898
8502,177
8503,695
8504,758
8505,116
8506,63
8507,175
8508,857
8509,383
8510,108
8511,175
8512,776
8513,780
8514,176
8515,342
8516,779
8517,797
8518,540
8519,843
8520,83
8521,697
8522,832
8523,702
8524,556
8525,378
8526,427
8527,584
8528,494
8529,80
8530,981
8531,964
8532,149
8533,991
8534,131
8535,373
8536,32
8537,441
8538,809
8539,761
8540,844
8541,509
8542,956
8543,475
8544,299
8545,810
8546,24
8547,974
8548,84
8549,700
8550,947
8551,465
8552,787
8553,570
8554,110
8555,436
8556,122
8557,793
8558,972
8559,846
8560,418
8561,320
8562,750
8563,70
8564,892
8565,513
8566,50
8567,226
8568,717
8569,672
8570,932
8571,210
8572,978
8573,672
8574,945
8575,879
8576,138
8577,972
8578,764
8579,98
8580,144
8581,435
8582,962
8583,819
8584,243
8585,502
8586,301
8587,791
8588,897
8589,107
8590,804
8591,75
8592,465
8593,529
8594,423
8595,853
8596,925
8597,557
8598,35
8599,951
8600,954
8601,710
8602,129
8603,801
8604,362
8605,223
8606,932
8607,88
8608,508
8609,2
8610,839
8611,489
8612,794
8613,935
8614,121
8615,912
8616,488
8617,367
8618,798
8619,928
8620,280
8621,235
8622,195
8623,918
8624,517
8625,529
8626,542
8627,966
8628,854
8629,795
8630,39
8631,990
8632,320
8633,821
8634,415
8635,646
8636,762
8637,74
8638,258
8639,936
8640,402
8641,542
8642,99
8643,671
8644,497
8645,73
8646,956
8647,964
8648,911
8649,659
8650,241
8651,3
8652,60
8653,127
8654,103
8655,65
8656,353
8657,901
8658,561
8659,702
8660,913
8661,942
8662,536
8663,771
8664,632
8665,808
8666,89
8667,605
8668,464
8669,585
8670,711
8671,272
8672,125
8673,413
8674,293
8675,77
8676,849
8677,522
8678,211
8679,673
8680,582
8681,899
8682,198
8683,781
8684,319
8685,194
8686,928
8687,956
8688,581
8689,844
8690,271
8691,374
8692,773
8693,981
8694,242
8695,531
8696,657
8697,641
8698,845
8699,16
8700,30
8701,630
8702,292
8703,503
8704,845
8705,404
8706,699
8707,482
8708,792
8709,144
8710,7
8711,103
8712,878
8713,759
8714,420
8715,875
8716,784
8717,24
8718,617
8719,889
8720,179
8721,229
8722,233
8723,305
8724,425
8725,914
8726,179
8727,924
8728,350
8729,329
8730,963
8731,891
8732,723
8733,821
8734,155
8735,371
8736,502
8737,669
8738,837
8739,606
8740,420
8741,412
8742,352
8743,103
8744,713
8745,286
8746,564
8747,639
8748,752
8749,507
8750,239
8751,770
8752,120
8753,252
8754,978
8755,270
8756,419
8757,828
8758,554
8759,490
8760,326
8761,619
8762,694
8763,572
8764,987
8765,611
8766,554
8767,436
8768,843
8769,205
8770,759
8771,813
8772,894
8773,112
8774,542
8775,790
8776,518
8777,450
8778,441
8779,571
8780,5
8781,888
8782,410
8783,67
8784,489
8785,170
8786,322
8787,153
8788,456
8789,774
8790,93
8791,500
8792,366
8793,214
8794,846
8795,615
8796,497
8797,181
8798,433
8799,574
8800,188
8801,195
8802,561
8803,984
8804,715
8805,893
8806,642
8807,95
8808,502
8809,642
8810,437
8811,330
8812,28
8813,295
8814,772
8815,739
8816,939
8817,865
8818,83
8819,372
8820,283
8821,925
8822,303
8823,263
8824,864
8825,933
8826,498
8827,165
8828,357
8829,94
8830,674
8831,169
8832,626
8833,868
8834,931
8835,401
8836,486
8837,479
8838,718
8839,471
8840,287
8841,801
8842,830
8843,557
8844,236
8845,956
8846,297
8847,545
8848,471
8849,734
8850,684
8851,887
8852,642
8853,960
8854,202
8855,687
8856,705
8857,117
8858,260
8859,927
8860,174
8861,650
8862,140
8863,173
8864,8
8865,847
8866,718
8867,351
8868,482
8869,288
8870,546
8871,53
8872,388
8873,980
8874,67
8875,82
8876,138
8877,723
8878,438
8879,279
8880,788
8881,611
8882,337
8883,193
8884,564
8885,804
8886,288
8887,314
8888,738
8889,921
8890,87
8891,60
8892,44
8893,36
8894,568
8895,840
8896,590
8897,944
8898,812
8899,832
8900,115
8901,987
8902,885
8903,622
8904,574
8905,898
8906,795
8907,454
8908,385
8909,25
8910,245
8911,409
8912,672
8913,916
8914,171
8915,891
8916,630
8917,195
8918,280
8919,598
8920,438
8921,689
8922,58
8923,557
8924,882
8925,619
8926,555
8927,304
8928,360
8929,840
8930,471
8931,954
8932,91
8933,386
8934,366
8935,757
8936,796
8937,677
8938,930
8939,743
8940,183
8941,448
8942,640
8943,656
8944,528
8945,201
8946,559
8947,103
8948,269
8949,399
8950,71
8951,590
8952,818
8953,110
8954,156
8955,184
8956,682
8957,454
8958,735
8959,806
8960,856
8961,76
8962,601
8963,159
8964,816
8965,952
8966,169
8967,729
8968,560
8969,193
8970,350
8971,14
8972,472
8973,664
8974,451
8975,326
8976,540
8977,134
8978,16
8979,659
8980,747
8981,962
8982,534
8983,467
8984,374
8985,637
8986,289
8987,228
8988,766
8989,50
8990,886
8991,416
8992,555
8993,557
8994,990
8995,322
8996,683
8997,502
8998,795
8999,74
9000,496
